customerId,bank,accountId,amount,bookingDate,currency,message,payer,purpose,reference,transactionId,valueDate
11,BANK 1,BANK1 CA MAIN 11,-54,2018-01-01T00:00:00.000Z,EUR,NaN,HARRASTUKSET,NaN,NaN,9li97d6i-a0aa-00a0-a000-000a0a00a00a,2018-01-01T00:00:00.000Z
11,BANK 1,BANK1 CA MAIN 11,-25,2018-01-01T00:00:00.000Z,EUR,NaN,PUHELIN,NaN,NaN,2vr22e8x-a0aa-00a0-a000-000a0a00a00a,2018-01-01T00:00:00.000Z
11,BANK 1,BANK1 CA MAIN 11,-20,2018-01-01T00:00:00.000Z,EUR,NaN,VAKUUTUKSET,NaN,NaN,8wo53x8g-a0aa-00a0-a000-000a0a00a00a,2018-01-01T00:00:00.000Z
11,BANK 1,BANK1 CA MAIN 11,-5,2018-01-01T00:00:00.000Z,EUR,NaN,KUUKAUSIMAKSU TILI 1,NaN,NaN,6cy37j5i-a0aa-00a0-a000-000a0a00a00a,2018-01-01T00:00:00.000Z
11,BANK 1,BANK1 CA 11,-5,2018-01-01T00:00:00.000Z,EUR,NaN,KUUKAUSIMAKSU TILI 2,NaN,NaN,5dl58q6z-a0aa-00a0-a000-000a0a00a00a,2018-01-01T00:00:00.000Z
11,BANK 1,BANK1 CA 11,-54.6,2018-01-05T00:00:00.000Z,EUR,NaN,MARKET,NaN,NaN,8ht73x0x-a0aa-00a0-a000-000a0a00a00a,2018-01-05T00:00:00.000Z
11,BANK 1,BANK1 CA MAIN 11,-37.1,2018-01-05T00:00:00.000Z,EUR,NaN,VIIHDE,NaN,NaN,4sf46e6x-a0aa-00a0-a000-000a0a00a00a,2018-01-05T00:00:00.000Z
11,BANK 1,BANK1 CA 11,-55,2018-01-06T00:00:00.000Z,EUR,NaN,MARKET,NaN,NaN,8tz74d4b-a0aa-00a0-a000-000a0a00a00a,2018-01-06T00:00:00.000Z
11,BANK 1,BANK1 CA 11,-25,2018-01-07T00:00:00.000Z,EUR,NaN,MARKET,NaN,NaN,4qc28o3s-a0aa-00a0-a000-000a0a00a00a,2018-01-07T00:00:00.000Z
11,BANK 1,BANK1 CA MAIN 11,-90,2018-01-07T00:00:00.000Z,EUR,NaN,TILI 2,NaN,NaN,2yh58q5h-a0aa-00a0-a000-000a0a00a00a,2018-01-07T00:00:00.000Z
11,BANK 1,BANK1 CA 11,90,2018-01-07T00:00:00.000Z,EUR,NaN,TILI 1,NaN,NaN,7fq10l5c-a0aa-00a0-a000-000a0a00a00a,2018-01-07T00:00:00.000Z
11,BANK 1,BANK1 CA MAIN 11,-623,2018-01-08T00:00:00.000Z,EUR,NaN,ASUMINEN,NaN,NaN,6yu06r2u-a0aa-00a0-a000-000a0a00a00a,2018-01-08T00:00:00.000Z
11,BANK 1,BANK1 CA 11,-40.2,2018-01-08T00:00:00.000Z,EUR,NaN,MARKET,NaN,NaN,1ey80a9h-a0aa-00a0-a000-000a0a00a00a,2018-01-08T00:00:00.000Z
11,BANK 1,BANK1 CA MAIN 11,-24.7,2018-01-08T00:00:00.000Z,EUR,NaN,RAVINTOLA,NaN,NaN,3ni77t8f-a0aa-00a0-a000-000a0a00a00a,2018-01-08T00:00:00.000Z
11,BANK 1,BANK1 CA MAIN 11,-37.2,2018-01-09T00:00:00.000Z,EUR,NaN,RAVINTOLA,NaN,NaN,9xf50n0t-a0aa-00a0-a000-000a0a00a00a,2018-01-09T00:00:00.000Z
11,BANK 1,BANK1 CA MAIN 11,-38,2018-01-10T00:00:00.000Z,EUR,NaN,RAVINTOLA,NaN,NaN,6ld15g9j-a0aa-00a0-a000-000a0a00a00a,2018-01-10T00:00:00.000Z
11,BANK 1,BANK1 CA 11,-24.5,2018-01-12T00:00:00.000Z,EUR,NaN,MARKET,NaN,NaN,6dx82s7h-a0aa-00a0-a000-000a0a00a00a,2018-01-12T00:00:00.000Z
11,BANK 1,BANK1 CA MAIN 11,-35.6,2018-01-12T00:00:00.000Z,EUR,NaN,VIIHDE,NaN,NaN,2ek46a1y-a0aa-00a0-a000-000a0a00a00a,2018-01-12T00:00:00.000Z
11,BANK 1,BANK1 CA 11,-34.7,2018-01-13T00:00:00.000Z,EUR,NaN,MARKET,NaN,NaN,2nn15p7o-a0aa-00a0-a000-000a0a00a00a,2018-01-13T00:00:00.000Z
11,BANK 1,BANK1 CA MAIN 11,-90,2018-01-13T00:00:00.000Z,EUR,NaN,TILI 2,NaN,NaN,5oc73u1z-a0aa-00a0-a000-000a0a00a00a,2018-01-13T00:00:00.000Z
11,BANK 1,BANK1 CA 11,90,2018-01-13T00:00:00.000Z,EUR,NaN,TILI 1,NaN,NaN,7gr72c3a-a0aa-00a0-a000-000a0a00a00a,2018-01-13T00:00:00.000Z
11,BANK 1,BANK1 CA 11,-25,2018-01-15T00:00:00.000Z,EUR,NaN,MARKET,NaN,NaN,3ol00u1o-a0aa-00a0-a000-000a0a00a00a,2018-01-15T00:00:00.000Z
11,BANK 1,BANK1 CA MAIN 11,-32.2,2018-01-15T00:00:00.000Z,EUR,NaN,RAVINTOLA,NaN,NaN,4dn24v9h-a0aa-00a0-a000-000a0a00a00a,2018-01-15T00:00:00.000Z
11,BANK 1,BANK1 CA MAIN 11,1818,2018-01-16T00:00:00.000Z,EUR,NaN,ANSIOTULOT,NaN,NaN,2nq86m2a-a0aa-00a0-a000-000a0a00a00a,2018-01-16T00:00:00.000Z
11,BANK 1,BANK1 CA MAIN 11,-26,2018-01-16T00:00:00.000Z,EUR,NaN,RAVINTOLA,NaN,NaN,7by06e2d-a0aa-00a0-a000-000a0a00a00a,2018-01-16T00:00:00.000Z
11,BANK 1,BANK1 CA MAIN 11,-30.2,2018-01-17T00:00:00.000Z,EUR,NaN,RAVINTOLA,NaN,NaN,7wp07i0v-a0aa-00a0-a000-000a0a00a00a,2018-01-17T00:00:00.000Z
11,BANK 1,BANK1 CA 11,-47.8,2018-01-19T00:00:00.000Z,EUR,NaN,MARKET,NaN,NaN,6pf53f7u-a0aa-00a0-a000-000a0a00a00a,2018-01-19T00:00:00.000Z
11,BANK 1,BANK1 CA MAIN 11,-13.3,2018-01-19T00:00:00.000Z,EUR,NaN,RAVINTOLA,NaN,NaN,0ma59o2x-a0aa-00a0-a000-000a0a00a00a,2018-01-19T00:00:00.000Z
11,BANK 1,BANK1 CA MAIN 11,-64.1,2018-01-19T00:00:00.000Z,EUR,NaN,VIIHDE,NaN,NaN,9lo88w8p-a0aa-00a0-a000-000a0a00a00a,2018-01-19T00:00:00.000Z
11,BANK 1,BANK1 CA MAIN 11,-20,2018-01-20T00:00:00.000Z,EUR,NaN,LIIKENNE,NaN,NaN,1ro32c7w-a0aa-00a0-a000-000a0a00a00a,2018-01-20T00:00:00.000Z
11,BANK 1,BANK1 CA 11,-27.5,2018-01-20T00:00:00.000Z,EUR,NaN,MARKET,NaN,NaN,8fm02z7j-a0aa-00a0-a000-000a0a00a00a,2018-01-20T00:00:00.000Z
11,BANK 1,BANK1 CA MAIN 11,-90,2018-01-20T00:00:00.000Z,EUR,NaN,TILI 2,NaN,NaN,8yr45a1h-a0aa-00a0-a000-000a0a00a00a,2018-01-20T00:00:00.000Z
11,BANK 1,BANK1 CA 11,90,2018-01-20T00:00:00.000Z,EUR,NaN,TILI 1,NaN,NaN,9hx42k4s-a0aa-00a0-a000-000a0a00a00a,2018-01-20T00:00:00.000Z
11,BANK 1,BANK1 CA 11,-55.4,2018-01-21T00:00:00.000Z,EUR,NaN,MARKET,NaN,NaN,4vt93w1x-a0aa-00a0-a000-000a0a00a00a,2018-01-21T00:00:00.000Z
11,BANK 1,BANK1 CA 11,-40.2,2018-01-22T00:00:00.000Z,EUR,NaN,MARKET,NaN,NaN,1tc42b5j-a0aa-00a0-a000-000a0a00a00a,2018-01-22T00:00:00.000Z
11,BANK 1,BANK1 CA MAIN 11,-90,2018-01-22T00:00:00.000Z,EUR,NaN,TILI 2,NaN,NaN,4zn59l7v-a0aa-00a0-a000-000a0a00a00a,2018-01-22T00:00:00.000Z
11,BANK 1,BANK1 CA 11,90,2018-01-22T00:00:00.000Z,EUR,NaN,TILI 1,NaN,NaN,7ji71o5y-a0aa-00a0-a000-000a0a00a00a,2018-01-22T00:00:00.000Z
11,BANK 1,BANK1 CA MAIN 11,-34.3,2018-01-23T00:00:00.000Z,EUR,NaN,RAVINTOLA,NaN,NaN,2au51d8z-a0aa-00a0-a000-000a0a00a00a,2018-01-23T00:00:00.000Z
11,BANK 1,BANK1 CA 11,-26.2,2018-01-24T00:00:00.000Z,EUR,NaN,MARKET,NaN,NaN,8dq52h9k-a0aa-00a0-a000-000a0a00a00a,2018-01-24T00:00:00.000Z
11,BANK 1,BANK1 CA MAIN 11,-90,2018-01-25T00:00:00.000Z,EUR,NaN,TILI 2,NaN,NaN,2nb51a5j-a0aa-00a0-a000-000a0a00a00a,2018-01-25T00:00:00.000Z
11,BANK 1,BANK1 CA 11,90,2018-01-25T00:00:00.000Z,EUR,NaN,TILI 1,NaN,NaN,8za94p4z-a0aa-00a0-a000-000a0a00a00a,2018-01-25T00:00:00.000Z
11,BANK 1,BANK1 CA MAIN 11,-15.1,2018-01-26T00:00:00.000Z,EUR,NaN,RAVINTOLA,NaN,NaN,5wk77o1d-a0aa-00a0-a000-000a0a00a00a,2018-01-26T00:00:00.000Z
11,BANK 1,BANK1 CA MAIN 11,-65.6,2018-01-26T00:00:00.000Z,EUR,NaN,VIIHDE,NaN,NaN,3bt71e3t-a0aa-00a0-a000-000a0a00a00a,2018-01-26T00:00:00.000Z
11,BANK 1,BANK1 CA MAIN 11,-20.8,2018-01-30T00:00:00.000Z,EUR,NaN,RAVINTOLA,NaN,NaN,0sv55a9e-a0aa-00a0-a000-000a0a00a00a,2018-01-30T00:00:00.000Z
11,BANK 1,BANK1 CA MAIN 11,-50,2018-01-31T00:00:00.000Z,EUR,NaN,HARRASTUKSET,NaN,NaN,5np11b9s-a0aa-00a0-a000-000a0a00a00a,2018-01-31T00:00:00.000Z
11,BANK 1,BANK1 CA 11,-56.7,2018-01-31T00:00:00.000Z,EUR,NaN,MARKET,NaN,NaN,8bj38m2z-a0aa-00a0-a000-000a0a00a00a,2018-01-31T00:00:00.000Z
11,BANK 1,BANK1 CA MAIN 11,-14.8,2018-01-31T00:00:00.000Z,EUR,NaN,RAVINTOLA,NaN,NaN,0ez06z6o-a0aa-00a0-a000-000a0a00a00a,2018-01-31T00:00:00.000Z
11,BANK 1,BANK1 CA MAIN 11,-57,2018-02-01T00:00:00.000Z,EUR,NaN,HARRASTUKSET,NaN,NaN,8pp95v1y-a0aa-00a0-a000-000a0a00a00a,2018-02-01T00:00:00.000Z
11,BANK 1,BANK1 CA MAIN 11,-25,2018-02-01T00:00:00.000Z,EUR,NaN,PUHELIN,NaN,NaN,0ck87t5u-a0aa-00a0-a000-000a0a00a00a,2018-02-01T00:00:00.000Z
11,BANK 1,BANK1 CA MAIN 11,-20,2018-02-01T00:00:00.000Z,EUR,NaN,VAKUUTUKSET,NaN,NaN,2jw61n0w-a0aa-00a0-a000-000a0a00a00a,2018-02-01T00:00:00.000Z
11,BANK 1,BANK1 CA MAIN 11,-5,2018-02-01T00:00:00.000Z,EUR,NaN,KUUKAUSIMAKSU TILI 1,NaN,NaN,2fz78w3o-a0aa-00a0-a000-000a0a00a00a,2018-02-01T00:00:00.000Z
11,BANK 1,BANK1 CA 11,-5,2018-02-01T00:00:00.000Z,EUR,NaN,KUUKAUSIMAKSU TILI 2,NaN,NaN,5kw47o6e-a0aa-00a0-a000-000a0a00a00a,2018-02-01T00:00:00.000Z
11,BANK 1,BANK1 CA 11,-63,2018-02-02T00:00:00.000Z,EUR,NaN,MARKET,NaN,NaN,5gv45s1p-a0aa-00a0-a000-000a0a00a00a,2018-02-02T00:00:00.000Z
11,BANK 1,BANK1 CA MAIN 11,-32.3,2018-02-02T00:00:00.000Z,EUR,NaN,VIIHDE,NaN,NaN,8mc58g5l-a0aa-00a0-a000-000a0a00a00a,2018-02-02T00:00:00.000Z
11,BANK 1,BANK1 CA MAIN 11,-90,2018-02-03T00:00:00.000Z,EUR,NaN,TILI 2,NaN,NaN,6cs55s3i-a0aa-00a0-a000-000a0a00a00a,2018-02-03T00:00:00.000Z
11,BANK 1,BANK1 CA 11,90,2018-02-03T00:00:00.000Z,EUR,NaN,TILI 1,NaN,NaN,8fg37v6z-a0aa-00a0-a000-000a0a00a00a,2018-02-03T00:00:00.000Z
11,BANK 1,BANK1 CA 11,-34.3,2018-02-04T00:00:00.000Z,EUR,NaN,MARKET,NaN,NaN,6lo27y5u-a0aa-00a0-a000-000a0a00a00a,2018-02-04T00:00:00.000Z
11,BANK 1,BANK1 CA MAIN 11,-21.3,2018-02-05T00:00:00.000Z,EUR,NaN,RAVINTOLA,NaN,NaN,6qp37m8j-a0aa-00a0-a000-000a0a00a00a,2018-02-05T00:00:00.000Z
11,BANK 1,BANK1 CA 11,-46.1,2018-02-07T00:00:00.000Z,EUR,NaN,MARKET,NaN,NaN,6zs84v2y-a0aa-00a0-a000-000a0a00a00a,2018-02-07T00:00:00.000Z
11,BANK 1,BANK1 CA MAIN 11,-623,2018-02-08T00:00:00.000Z,EUR,NaN,ASUMINEN,NaN,NaN,5mv83h2f-a0aa-00a0-a000-000a0a00a00a,2018-02-08T00:00:00.000Z
11,BANK 1,BANK1 CA MAIN 11,-90,2018-02-08T00:00:00.000Z,EUR,NaN,TILI 2,NaN,NaN,7nd57j1t-a0aa-00a0-a000-000a0a00a00a,2018-02-08T00:00:00.000Z
11,BANK 1,BANK1 CA 11,90,2018-02-08T00:00:00.000Z,EUR,NaN,TILI 1,NaN,NaN,7hy12x3a-a0aa-00a0-a000-000a0a00a00a,2018-02-08T00:00:00.000Z
11,BANK 1,BANK1 CA MAIN 11,-66.5,2018-02-09T00:00:00.000Z,EUR,NaN,VIIHDE,NaN,NaN,5ub51m8l-a0aa-00a0-a000-000a0a00a00a,2018-02-09T00:00:00.000Z
11,BANK 1,BANK1 CA 11,-54.1,2018-02-12T00:00:00.000Z,EUR,NaN,MARKET,NaN,NaN,4yg30a0g-a0aa-00a0-a000-000a0a00a00a,2018-02-12T00:00:00.000Z
11,BANK 1,BANK1 CA MAIN 11,-35.6,2018-02-13T00:00:00.000Z,EUR,NaN,RAVINTOLA,NaN,NaN,7pq89q3j-a0aa-00a0-a000-000a0a00a00a,2018-02-13T00:00:00.000Z
11,BANK 1,BANK1 CA MAIN 11,1818,2018-02-16T00:00:00.000Z,EUR,NaN,ANSIOTULOT,NaN,NaN,6yh62m7g-a0aa-00a0-a000-000a0a00a00a,2018-02-16T00:00:00.000Z
11,BANK 1,BANK1 CA 11,-32.1,2018-02-16T00:00:00.000Z,EUR,NaN,MARKET,NaN,NaN,4wo03u5l-a0aa-00a0-a000-000a0a00a00a,2018-02-16T00:00:00.000Z
11,BANK 1,BANK1 CA MAIN 11,-49.4,2018-02-16T00:00:00.000Z,EUR,NaN,VIIHDE,NaN,NaN,2md74d0v-a0aa-00a0-a000-000a0a00a00a,2018-02-16T00:00:00.000Z
11,BANK 1,BANK1 CA 11,-58.4,2018-02-17T00:00:00.000Z,EUR,NaN,MARKET,NaN,NaN,2xv25v6a-a0aa-00a0-a000-000a0a00a00a,2018-02-17T00:00:00.000Z
11,BANK 1,BANK1 CA MAIN 11,-90,2018-02-17T00:00:00.000Z,EUR,NaN,TILI 2,NaN,NaN,0op65l8b-a0aa-00a0-a000-000a0a00a00a,2018-02-17T00:00:00.000Z
11,BANK 1,BANK1 CA 11,90,2018-02-17T00:00:00.000Z,EUR,NaN,TILI 1,NaN,NaN,8mu70g9h-a0aa-00a0-a000-000a0a00a00a,2018-02-17T00:00:00.000Z
11,BANK 1,BANK1 CA 11,-31.7,2018-02-19T00:00:00.000Z,EUR,NaN,MARKET,NaN,NaN,7zc09y4k-a0aa-00a0-a000-000a0a00a00a,2018-02-19T00:00:00.000Z
11,BANK 1,BANK1 CA MAIN 11,-20,2018-02-20T00:00:00.000Z,EUR,NaN,LIIKENNE,NaN,NaN,8gv70d4a-a0aa-00a0-a000-000a0a00a00a,2018-02-20T00:00:00.000Z
11,BANK 1,BANK1 CA MAIN 11,-28.1,2018-02-20T00:00:00.000Z,EUR,NaN,RAVINTOLA,NaN,NaN,7ip99s5i-a0aa-00a0-a000-000a0a00a00a,2018-02-20T00:00:00.000Z
11,BANK 1,BANK1 CA MAIN 11,-90,2018-02-20T00:00:00.000Z,EUR,NaN,TILI 2,NaN,NaN,1xy40p4f-a0aa-00a0-a000-000a0a00a00a,2018-02-20T00:00:00.000Z
11,BANK 1,BANK1 CA 11,90,2018-02-20T00:00:00.000Z,EUR,NaN,TILI 1,NaN,NaN,5gp62x7k-a0aa-00a0-a000-000a0a00a00a,2018-02-20T00:00:00.000Z
11,BANK 1,BANK1 CA 11,-45.3,2018-02-21T00:00:00.000Z,EUR,NaN,MARKET,NaN,NaN,6hm51f9s-a0aa-00a0-a000-000a0a00a00a,2018-02-21T00:00:00.000Z
11,BANK 1,BANK1 CA MAIN 11,-22.1,2018-02-23T00:00:00.000Z,EUR,NaN,RAVINTOLA,NaN,NaN,9id46m3x-a0aa-00a0-a000-000a0a00a00a,2018-02-23T00:00:00.000Z
11,BANK 1,BANK1 CA MAIN 11,-63.2,2018-02-23T00:00:00.000Z,EUR,NaN,VIIHDE,NaN,NaN,3et48k4r-a0aa-00a0-a000-000a0a00a00a,2018-02-23T00:00:00.000Z
11,BANK 1,BANK1 CA 11,-49.1,2018-02-25T00:00:00.000Z,EUR,NaN,MARKET,NaN,NaN,5tj35t9h-a0aa-00a0-a000-000a0a00a00a,2018-02-25T00:00:00.000Z
11,BANK 1,BANK1 CA MAIN 11,-30.4,2018-02-26T00:00:00.000Z,EUR,NaN,RAVINTOLA,NaN,NaN,8yg72h9s-a0aa-00a0-a000-000a0a00a00a,2018-02-26T00:00:00.000Z
11,BANK 1,BANK1 CA MAIN 11,-90,2018-02-26T00:00:00.000Z,EUR,NaN,TILI 2,NaN,NaN,3sa90s6w-a0aa-00a0-a000-000a0a00a00a,2018-02-26T00:00:00.000Z
11,BANK 1,BANK1 CA 11,90,2018-02-26T00:00:00.000Z,EUR,NaN,TILI 1,NaN,NaN,3kj64r7j-a0aa-00a0-a000-000a0a00a00a,2018-02-26T00:00:00.000Z
11,BANK 1,BANK1 CA MAIN 11,-50,2018-02-28T00:00:00.000Z,EUR,NaN,HARRASTUKSET,NaN,NaN,0um53o8a-a0aa-00a0-a000-000a0a00a00a,2018-02-28T00:00:00.000Z
11,BANK 1,BANK1 CA 11,-34.3,2018-02-28T00:00:00.000Z,EUR,NaN,MARKET,NaN,NaN,3dy85n5d-a0aa-00a0-a000-000a0a00a00a,2018-02-28T00:00:00.000Z
11,BANK 1,BANK1 CA MAIN 11,-29.9,2018-02-28T00:00:00.000Z,EUR,NaN,RAVINTOLA,NaN,NaN,2em12d5h-a0aa-00a0-a000-000a0a00a00a,2018-02-28T00:00:00.000Z
11,BANK 1,BANK1 CA MAIN 11,-80,2018-03-01T00:00:00.000Z,EUR,NaN,HARRASTUKSET,NaN,NaN,9nk63y1g-a0aa-00a0-a000-000a0a00a00a,2018-03-01T00:00:00.000Z
11,BANK 1,BANK1 CA MAIN 11,-25,2018-03-01T00:00:00.000Z,EUR,NaN,PUHELIN,NaN,NaN,6pp98z1t-a0aa-00a0-a000-000a0a00a00a,2018-03-01T00:00:00.000Z
11,BANK 1,BANK1 CA MAIN 11,-20,2018-03-01T00:00:00.000Z,EUR,NaN,VAKUUTUKSET,NaN,NaN,5af58n1c-a0aa-00a0-a000-000a0a00a00a,2018-03-01T00:00:00.000Z
11,BANK 1,BANK1 CA MAIN 11,-5,2018-03-01T00:00:00.000Z,EUR,NaN,KUUKAUSIMAKSU TILI 1,NaN,NaN,7sk65a5s-a0aa-00a0-a000-000a0a00a00a,2018-03-01T00:00:00.000Z
11,BANK 1,BANK1 CA 11,-5,2018-03-01T00:00:00.000Z,EUR,NaN,KUUKAUSIMAKSU TILI 2,NaN,NaN,6fa27p0r-a0aa-00a0-a000-000a0a00a00a,2018-03-01T00:00:00.000Z
11,BANK 1,BANK1 CA MAIN 11,-64.1,2018-03-02T00:00:00.000Z,EUR,NaN,VIIHDE,NaN,NaN,6xo75l8c-a0aa-00a0-a000-000a0a00a00a,2018-03-02T00:00:00.000Z
11,BANK 1,BANK1 CA 11,-55.4,2018-03-03T00:00:00.000Z,EUR,NaN,MARKET,NaN,NaN,9hr06q5d-a0aa-00a0-a000-000a0a00a00a,2018-03-03T00:00:00.000Z
11,BANK 1,BANK1 CA MAIN 11,-90,2018-03-04T00:00:00.000Z,EUR,NaN,TILI 2,NaN,NaN,0pq51z7b-a0aa-00a0-a000-000a0a00a00a,2018-03-04T00:00:00.000Z
11,BANK 1,BANK1 CA 11,90,2018-03-04T00:00:00.000Z,EUR,NaN,TILI 1,NaN,NaN,5wi81o3h-a0aa-00a0-a000-000a0a00a00a,2018-03-04T00:00:00.000Z
11,BANK 1,BANK1 CA 11,-48.6,2018-03-05T00:00:00.000Z,EUR,NaN,MARKET,NaN,NaN,4cc50a9r-a0aa-00a0-a000-000a0a00a00a,2018-03-05T00:00:00.000Z
11,BANK 1,BANK1 CA MAIN 11,-623,2018-03-08T00:00:00.000Z,EUR,NaN,ASUMINEN,NaN,NaN,9io37p6d-a0aa-00a0-a000-000a0a00a00a,2018-03-08T00:00:00.000Z
11,BANK 1,BANK1 CA 11,-23.3,2018-03-09T00:00:00.000Z,EUR,NaN,MARKET,NaN,NaN,4cp12t2l-a0aa-00a0-a000-000a0a00a00a,2018-03-09T00:00:00.000Z
11,BANK 1,BANK1 CA MAIN 11,-21.8,2018-03-09T00:00:00.000Z,EUR,NaN,RAVINTOLA,NaN,NaN,2gf54a9q-a0aa-00a0-a000-000a0a00a00a,2018-03-09T00:00:00.000Z
11,BANK 1,BANK1 CA MAIN 11,-27.6,2018-03-09T00:00:00.000Z,EUR,NaN,VIIHDE,NaN,NaN,9cu95t8s-a0aa-00a0-a000-000a0a00a00a,2018-03-09T00:00:00.000Z
11,BANK 1,BANK1 CA 11,-23.3,2018-03-10T00:00:00.000Z,EUR,NaN,MARKET,NaN,NaN,8rj93x0a-a0aa-00a0-a000-000a0a00a00a,2018-03-10T00:00:00.000Z
11,BANK 1,BANK1 CA MAIN 11,-90,2018-03-10T00:00:00.000Z,EUR,NaN,TILI 2,NaN,NaN,5sf18h4b-a0aa-00a0-a000-000a0a00a00a,2018-03-10T00:00:00.000Z
11,BANK 1,BANK1 CA 11,90,2018-03-10T00:00:00.000Z,EUR,NaN,TILI 1,NaN,NaN,6gj45u4n-a0aa-00a0-a000-000a0a00a00a,2018-03-10T00:00:00.000Z
11,BANK 1,BANK1 CA 11,-43.6,2018-03-11T00:00:00.000Z,EUR,NaN,MARKET,NaN,NaN,3vn72b4j-a0aa-00a0-a000-000a0a00a00a,2018-03-11T00:00:00.000Z
11,BANK 1,BANK1 CA 11,-36.4,2018-03-12T00:00:00.000Z,EUR,NaN,MARKET,NaN,NaN,7ns42n8q-a0aa-00a0-a000-000a0a00a00a,2018-03-12T00:00:00.000Z
11,BANK 1,BANK1 CA MAIN 11,-34.8,2018-03-12T00:00:00.000Z,EUR,NaN,RAVINTOLA,NaN,NaN,3nh87r8h-a0aa-00a0-a000-000a0a00a00a,2018-03-12T00:00:00.000Z
11,BANK 1,BANK1 CA MAIN 11,-90,2018-03-13T00:00:00.000Z,EUR,NaN,TILI 2,NaN,NaN,1iz54z2q-a0aa-00a0-a000-000a0a00a00a,2018-03-13T00:00:00.000Z
11,BANK 1,BANK1 CA 11,90,2018-03-13T00:00:00.000Z,EUR,NaN,TILI 1,NaN,NaN,7qt88k3l-a0aa-00a0-a000-000a0a00a00a,2018-03-13T00:00:00.000Z
11,BANK 1,BANK1 CA 11,-33,2018-03-14T00:00:00.000Z,EUR,NaN,MARKET,NaN,NaN,7es09y6v-a0aa-00a0-a000-000a0a00a00a,2018-03-14T00:00:00.000Z
11,BANK 1,BANK1 CA MAIN 11,-23.4,2018-03-14T00:00:00.000Z,EUR,NaN,RAVINTOLA,NaN,NaN,3ct26s6k-a0aa-00a0-a000-000a0a00a00a,2018-03-14T00:00:00.000Z
11,BANK 1,BANK1 CA MAIN 11,1818,2018-03-16T00:00:00.000Z,EUR,NaN,ANSIOTULOT,NaN,NaN,6pq63d1w-a0aa-00a0-a000-000a0a00a00a,2018-03-16T00:00:00.000Z
11,BANK 1,BANK1 CA 11,-50.3,2018-03-16T00:00:00.000Z,EUR,NaN,MARKET,NaN,NaN,1mk84o4e-a0aa-00a0-a000-000a0a00a00a,2018-03-16T00:00:00.000Z
11,BANK 1,BANK1 CA MAIN 11,-34.7,2018-03-16T00:00:00.000Z,EUR,NaN,VIIHDE,NaN,NaN,7bc12h5t-a0aa-00a0-a000-000a0a00a00a,2018-03-16T00:00:00.000Z
11,BANK 1,BANK1 CA MAIN 11,-90,2018-03-17T00:00:00.000Z,EUR,NaN,TILI 2,NaN,NaN,2zj65j1q-a0aa-00a0-a000-000a0a00a00a,2018-03-17T00:00:00.000Z
11,BANK 1,BANK1 CA 11,90,2018-03-17T00:00:00.000Z,EUR,NaN,TILI 1,NaN,NaN,1ry80o7k-a0aa-00a0-a000-000a0a00a00a,2018-03-17T00:00:00.000Z
11,BANK 1,BANK1 CA 11,-26.6,2018-03-19T00:00:00.000Z,EUR,NaN,MARKET,NaN,NaN,0qw63c6e-a0aa-00a0-a000-000a0a00a00a,2018-03-19T00:00:00.000Z
11,BANK 1,BANK1 CA MAIN 11,-20,2018-03-20T00:00:00.000Z,EUR,NaN,LIIKENNE,NaN,NaN,8nr37e5e-a0aa-00a0-a000-000a0a00a00a,2018-03-20T00:00:00.000Z
11,BANK 1,BANK1 CA MAIN 11,-14.8,2018-03-20T00:00:00.000Z,EUR,NaN,RAVINTOLA,NaN,NaN,6jq31a8u-a0aa-00a0-a000-000a0a00a00a,2018-03-20T00:00:00.000Z
11,BANK 1,BANK1 CA 11,-41.9,2018-03-21T00:00:00.000Z,EUR,NaN,MARKET,NaN,NaN,6nt56o6p-a0aa-00a0-a000-000a0a00a00a,2018-03-21T00:00:00.000Z
11,BANK 1,BANK1 CA 11,-43.6,2018-03-23T00:00:00.000Z,EUR,NaN,MARKET,NaN,NaN,8bq70b0l-a0aa-00a0-a000-000a0a00a00a,2018-03-23T00:00:00.000Z
11,BANK 1,BANK1 CA MAIN 11,-37.5,2018-03-23T00:00:00.000Z,EUR,NaN,VIIHDE,NaN,NaN,3gh34x2g-a0aa-00a0-a000-000a0a00a00a,2018-03-23T00:00:00.000Z
11,BANK 1,BANK1 CA 11,-61.3,2018-03-24T00:00:00.000Z,EUR,NaN,MARKET,NaN,NaN,8xl07m7l-a0aa-00a0-a000-000a0a00a00a,2018-03-24T00:00:00.000Z
11,BANK 1,BANK1 CA MAIN 11,-90,2018-03-24T00:00:00.000Z,EUR,NaN,TILI 2,NaN,NaN,9qe25z1t-a0aa-00a0-a000-000a0a00a00a,2018-03-24T00:00:00.000Z
11,BANK 1,BANK1 CA 11,90,2018-03-24T00:00:00.000Z,EUR,NaN,TILI 1,NaN,NaN,7gi97v1f-a0aa-00a0-a000-000a0a00a00a,2018-03-24T00:00:00.000Z
11,BANK 1,BANK1 CA 11,-57.1,2018-03-25T00:00:00.000Z,EUR,NaN,MARKET,NaN,NaN,9as31f5w-a0aa-00a0-a000-000a0a00a00a,2018-03-25T00:00:00.000Z
11,BANK 1,BANK1 CA MAIN 11,-90,2018-03-25T00:00:00.000Z,EUR,NaN,TILI 2,NaN,NaN,5pn72c1z-a0aa-00a0-a000-000a0a00a00a,2018-03-25T00:00:00.000Z
11,BANK 1,BANK1 CA 11,90,2018-03-25T00:00:00.000Z,EUR,NaN,TILI 1,NaN,NaN,7mk77x5j-a0aa-00a0-a000-000a0a00a00a,2018-03-25T00:00:00.000Z
11,BANK 1,BANK1 CA 11,-56.7,2018-03-26T00:00:00.000Z,EUR,NaN,MARKET,NaN,NaN,7dg19a0i-a0aa-00a0-a000-000a0a00a00a,2018-03-26T00:00:00.000Z
11,BANK 1,BANK1 CA MAIN 11,-35.6,2018-03-26T00:00:00.000Z,EUR,NaN,RAVINTOLA,NaN,NaN,1bo39m3i-a0aa-00a0-a000-000a0a00a00a,2018-03-26T00:00:00.000Z
11,BANK 1,BANK1 CA MAIN 11,-38.2,2018-03-27T00:00:00.000Z,EUR,NaN,RAVINTOLA,NaN,NaN,4cb30j0i-a0aa-00a0-a000-000a0a00a00a,2018-03-27T00:00:00.000Z
11,BANK 1,BANK1 CA MAIN 11,-90,2018-03-27T00:00:00.000Z,EUR,NaN,TILI 2,NaN,NaN,2du84u1x-a0aa-00a0-a000-000a0a00a00a,2018-03-27T00:00:00.000Z
11,BANK 1,BANK1 CA 11,90,2018-03-27T00:00:00.000Z,EUR,NaN,TILI 1,NaN,NaN,1de85c0w-a0aa-00a0-a000-000a0a00a00a,2018-03-27T00:00:00.000Z
11,BANK 1,BANK1 CA MAIN 11,-44.7,2018-03-30T00:00:00.000Z,EUR,NaN,VIIHDE,NaN,NaN,1rp39d6p-a0aa-00a0-a000-000a0a00a00a,2018-03-30T00:00:00.000Z
11,BANK 1,BANK1 CA MAIN 11,-50,2018-03-31T00:00:00.000Z,EUR,NaN,HARRASTUKSET,NaN,NaN,3ou36y3q-a0aa-00a0-a000-000a0a00a00a,2018-03-31T00:00:00.000Z
11,BANK 1,BANK1 CA 11,-37.2,2018-03-31T00:00:00.000Z,EUR,NaN,MARKET,NaN,NaN,3eb59w2l-a0aa-00a0-a000-000a0a00a00a,2018-03-31T00:00:00.000Z
11,BANK 1,BANK1 CA MAIN 11,-81,2018-04-01T00:00:00.000Z,EUR,NaN,HARRASTUKSET,NaN,NaN,4xw74w4z-a0aa-00a0-a000-000a0a00a00a,2018-04-01T00:00:00.000Z
11,BANK 1,BANK1 CA MAIN 11,-25,2018-04-01T00:00:00.000Z,EUR,NaN,PUHELIN,NaN,NaN,2aw40v1u-a0aa-00a0-a000-000a0a00a00a,2018-04-01T00:00:00.000Z
11,BANK 1,BANK1 CA MAIN 11,-20,2018-04-01T00:00:00.000Z,EUR,NaN,VAKUUTUKSET,NaN,NaN,5sl86n3t-a0aa-00a0-a000-000a0a00a00a,2018-04-01T00:00:00.000Z
11,BANK 1,BANK1 CA MAIN 11,-5,2018-04-01T00:00:00.000Z,EUR,NaN,KUUKAUSIMAKSU TILI 1,NaN,NaN,1vv84y5g-a0aa-00a0-a000-000a0a00a00a,2018-04-01T00:00:00.000Z
11,BANK 1,BANK1 CA 11,-5,2018-04-01T00:00:00.000Z,EUR,NaN,KUUKAUSIMAKSU TILI 2,NaN,NaN,5vi26z4l-a0aa-00a0-a000-000a0a00a00a,2018-04-01T00:00:00.000Z
11,BANK 1,BANK1 CA MAIN 11,-35.9,2018-04-02T00:00:00.000Z,EUR,NaN,RAVINTOLA,NaN,NaN,2wl35y9a-a0aa-00a0-a000-000a0a00a00a,2018-04-02T00:00:00.000Z
11,BANK 1,BANK1 CA MAIN 11,-30.7,2018-04-03T00:00:00.000Z,EUR,NaN,RAVINTOLA,NaN,NaN,6uc65u9k-a0aa-00a0-a000-000a0a00a00a,2018-04-03T00:00:00.000Z
11,BANK 1,BANK1 CA 11,-49.9,2018-04-04T00:00:00.000Z,EUR,NaN,MARKET,NaN,NaN,6ml56q9d-a0aa-00a0-a000-000a0a00a00a,2018-04-04T00:00:00.000Z
11,BANK 1,BANK1 CA MAIN 11,-19,2018-04-04T00:00:00.000Z,EUR,NaN,RAVINTOLA,NaN,NaN,1ao72o9f-a0aa-00a0-a000-000a0a00a00a,2018-04-04T00:00:00.000Z
11,BANK 1,BANK1 CA MAIN 11,-90,2018-04-05T00:00:00.000Z,EUR,NaN,TILI 2,NaN,NaN,0ey69s0j-a0aa-00a0-a000-000a0a00a00a,2018-04-05T00:00:00.000Z
11,BANK 1,BANK1 CA 11,90,2018-04-05T00:00:00.000Z,EUR,NaN,TILI 1,NaN,NaN,9rm10a8i-a0aa-00a0-a000-000a0a00a00a,2018-04-05T00:00:00.000Z
11,BANK 1,BANK1 CA 11,-49.5,2018-04-06T00:00:00.000Z,EUR,NaN,MARKET,NaN,NaN,1dw44l3u-a0aa-00a0-a000-000a0a00a00a,2018-04-06T00:00:00.000Z
11,BANK 1,BANK1 CA MAIN 11,-63.7,2018-04-06T00:00:00.000Z,EUR,NaN,VIIHDE,NaN,NaN,1jr58j0y-a0aa-00a0-a000-000a0a00a00a,2018-04-06T00:00:00.000Z
11,BANK 1,BANK1 CA MAIN 11,-623,2018-04-08T00:00:00.000Z,EUR,NaN,ASUMINEN,NaN,NaN,2fo26f7v-a0aa-00a0-a000-000a0a00a00a,2018-04-08T00:00:00.000Z
11,BANK 1,BANK1 CA 11,-49.1,2018-04-11T00:00:00.000Z,EUR,NaN,MARKET,NaN,NaN,9si79f8w-a0aa-00a0-a000-000a0a00a00a,2018-04-11T00:00:00.000Z
11,BANK 1,BANK1 CA MAIN 11,-90,2018-04-12T00:00:00.000Z,EUR,NaN,TILI 2,NaN,NaN,0wo77s5c-a0aa-00a0-a000-000a0a00a00a,2018-04-12T00:00:00.000Z
11,BANK 1,BANK1 CA 11,90,2018-04-12T00:00:00.000Z,EUR,NaN,TILI 1,NaN,NaN,8ni75b8s-a0aa-00a0-a000-000a0a00a00a,2018-04-12T00:00:00.000Z
11,BANK 1,BANK1 CA 11,-41,2018-04-13T00:00:00.000Z,EUR,NaN,MARKET,NaN,NaN,4sp69r2c-a0aa-00a0-a000-000a0a00a00a,2018-04-13T00:00:00.000Z
11,BANK 1,BANK1 CA MAIN 11,-31.5,2018-04-13T00:00:00.000Z,EUR,NaN,RAVINTOLA,NaN,NaN,3gh90d7n-a0aa-00a0-a000-000a0a00a00a,2018-04-13T00:00:00.000Z
11,BANK 1,BANK1 CA MAIN 11,-49.9,2018-04-13T00:00:00.000Z,EUR,NaN,VIIHDE,NaN,NaN,5to45u5a-a0aa-00a0-a000-000a0a00a00a,2018-04-13T00:00:00.000Z
11,BANK 1,BANK1 CA MAIN 11,1818,2018-04-16T00:00:00.000Z,EUR,NaN,ANSIOTULOT,NaN,NaN,7dw53v4z-a0aa-00a0-a000-000a0a00a00a,2018-04-16T00:00:00.000Z
11,BANK 1,BANK1 CA MAIN 11,-21.1,2018-04-17T00:00:00.000Z,EUR,NaN,RAVINTOLA,NaN,NaN,4hh26l7j-a0aa-00a0-a000-000a0a00a00a,2018-04-17T00:00:00.000Z
11,BANK 1,BANK1 CA 11,-55.8,2018-04-18T00:00:00.000Z,EUR,NaN,MARKET,NaN,NaN,5ry87c4s-a0aa-00a0-a000-000a0a00a00a,2018-04-18T00:00:00.000Z
11,BANK 1,BANK1 CA MAIN 11,-90,2018-04-19T00:00:00.000Z,EUR,NaN,TILI 2,NaN,NaN,5vm26o6y-a0aa-00a0-a000-000a0a00a00a,2018-04-19T00:00:00.000Z
11,BANK 1,BANK1 CA 11,90,2018-04-19T00:00:00.000Z,EUR,NaN,TILI 1,NaN,NaN,4zz17n3q-a0aa-00a0-a000-000a0a00a00a,2018-04-19T00:00:00.000Z
11,BANK 1,BANK1 CA MAIN 11,-20,2018-04-20T00:00:00.000Z,EUR,NaN,LIIKENNE,NaN,NaN,7cc57h0n-a0aa-00a0-a000-000a0a00a00a,2018-04-20T00:00:00.000Z
11,BANK 1,BANK1 CA 11,-55.4,2018-04-20T00:00:00.000Z,EUR,NaN,MARKET,NaN,NaN,0cv25v8j-a0aa-00a0-a000-000a0a00a00a,2018-04-20T00:00:00.000Z
11,BANK 1,BANK1 CA MAIN 11,-49.4,2018-04-20T00:00:00.000Z,EUR,NaN,VIIHDE,NaN,NaN,4jb19r6m-a0aa-00a0-a000-000a0a00a00a,2018-04-20T00:00:00.000Z
11,BANK 1,BANK1 CA 11,-55.8,2018-04-21T00:00:00.000Z,EUR,NaN,MARKET,NaN,NaN,7xd48u1d-a0aa-00a0-a000-000a0a00a00a,2018-04-21T00:00:00.000Z
11,BANK 1,BANK1 CA MAIN 11,-90,2018-04-21T00:00:00.000Z,EUR,NaN,TILI 2,NaN,NaN,7ev33g0m-a0aa-00a0-a000-000a0a00a00a,2018-04-21T00:00:00.000Z
11,BANK 1,BANK1 CA 11,90,2018-04-21T00:00:00.000Z,EUR,NaN,TILI 1,NaN,NaN,5kg59l5l-a0aa-00a0-a000-000a0a00a00a,2018-04-21T00:00:00.000Z
11,BANK 1,BANK1 CA MAIN 11,-34.8,2018-04-23T00:00:00.000Z,EUR,NaN,RAVINTOLA,NaN,NaN,2kn39o4q-a0aa-00a0-a000-000a0a00a00a,2018-04-23T00:00:00.000Z
11,BANK 1,BANK1 CA 11,-60.1,2018-04-25T00:00:00.000Z,EUR,NaN,MARKET,NaN,NaN,5fe45f7f-a0aa-00a0-a000-000a0a00a00a,2018-04-25T00:00:00.000Z
11,BANK 1,BANK1 CA MAIN 11,-18.5,2018-04-25T00:00:00.000Z,EUR,NaN,RAVINTOLA,NaN,NaN,8zc19e7m-a0aa-00a0-a000-000a0a00a00a,2018-04-25T00:00:00.000Z
11,BANK 1,BANK1 CA MAIN 11,-90,2018-04-26T00:00:00.000Z,EUR,NaN,TILI 2,NaN,NaN,7se22q5k-a0aa-00a0-a000-000a0a00a00a,2018-04-26T00:00:00.000Z
11,BANK 1,BANK1 CA 11,90,2018-04-26T00:00:00.000Z,EUR,NaN,TILI 1,NaN,NaN,8sr36d5g-a0aa-00a0-a000-000a0a00a00a,2018-04-26T00:00:00.000Z
11,BANK 1,BANK1 CA 11,-35.5,2018-04-27T00:00:00.000Z,EUR,NaN,MARKET,NaN,NaN,6nf43e2h-a0aa-00a0-a000-000a0a00a00a,2018-04-27T00:00:00.000Z
11,BANK 1,BANK1 CA MAIN 11,-48.9,2018-04-27T00:00:00.000Z,EUR,NaN,VIIHDE,NaN,NaN,3pd51r7s-a0aa-00a0-a000-000a0a00a00a,2018-04-27T00:00:00.000Z
11,BANK 1,BANK1 CA MAIN 11,-50,2018-04-30T00:00:00.000Z,EUR,NaN,HARRASTUKSET,NaN,NaN,7zf79s9l-a0aa-00a0-a000-000a0a00a00a,2018-04-30T00:00:00.000Z
11,BANK 1,BANK1 CA MAIN 11,-74,2018-05-01T00:00:00.000Z,EUR,NaN,HARRASTUKSET,NaN,NaN,4ny20w9t-a0aa-00a0-a000-000a0a00a00a,2018-05-01T00:00:00.000Z
11,BANK 1,BANK1 CA MAIN 11,-25,2018-05-01T00:00:00.000Z,EUR,NaN,PUHELIN,NaN,NaN,7hp65j2k-a0aa-00a0-a000-000a0a00a00a,2018-05-01T00:00:00.000Z
11,BANK 1,BANK1 CA MAIN 11,-20,2018-05-01T00:00:00.000Z,EUR,NaN,VAKUUTUKSET,NaN,NaN,7pl16i7y-a0aa-00a0-a000-000a0a00a00a,2018-05-01T00:00:00.000Z
11,BANK 1,BANK1 CA MAIN 11,-5,2018-05-01T00:00:00.000Z,EUR,NaN,KUUKAUSIMAKSU TILI 1,NaN,NaN,4fw53g2f-a0aa-00a0-a000-000a0a00a00a,2018-05-01T00:00:00.000Z
11,BANK 1,BANK1 CA 11,-5,2018-05-01T00:00:00.000Z,EUR,NaN,KUUKAUSIMAKSU TILI 2,NaN,NaN,9to35o3m-a0aa-00a0-a000-000a0a00a00a,2018-05-01T00:00:00.000Z
11,BANK 1,BANK1 CA 11,-51.2,2018-05-02T00:00:00.000Z,EUR,NaN,MARKET,NaN,NaN,4nv07t8q-a0aa-00a0-a000-000a0a00a00a,2018-05-02T00:00:00.000Z
11,BANK 1,BANK1 CA MAIN 11,-14.6,2018-05-02T00:00:00.000Z,EUR,NaN,RAVINTOLA,NaN,NaN,6vv44y7b-a0aa-00a0-a000-000a0a00a00a,2018-05-02T00:00:00.000Z
11,BANK 1,BANK1 CA MAIN 11,-90,2018-05-03T00:00:00.000Z,EUR,NaN,TILI 2,NaN,NaN,1lj38w4s-a0aa-00a0-a000-000a0a00a00a,2018-05-03T00:00:00.000Z
11,BANK 1,BANK1 CA 11,90,2018-05-03T00:00:00.000Z,EUR,NaN,TILI 1,NaN,NaN,5vb81m6x-a0aa-00a0-a000-000a0a00a00a,2018-05-03T00:00:00.000Z
11,BANK 1,BANK1 CA 11,-49.5,2018-05-04T00:00:00.000Z,EUR,NaN,MARKET,NaN,NaN,5mr84c0v-a0aa-00a0-a000-000a0a00a00a,2018-05-04T00:00:00.000Z
11,BANK 1,BANK1 CA MAIN 11,-15.1,2018-05-04T00:00:00.000Z,EUR,NaN,RAVINTOLA,NaN,NaN,3es40z8m-a0aa-00a0-a000-000a0a00a00a,2018-05-04T00:00:00.000Z
11,BANK 1,BANK1 CA MAIN 11,-68.4,2018-05-04T00:00:00.000Z,EUR,NaN,VIIHDE,NaN,NaN,7bk68l5q-a0aa-00a0-a000-000a0a00a00a,2018-05-04T00:00:00.000Z
11,BANK 1,BANK1 CA MAIN 11,-90,2018-05-05T00:00:00.000Z,EUR,NaN,TILI 2,NaN,NaN,6mh43v6o-a0aa-00a0-a000-000a0a00a00a,2018-05-05T00:00:00.000Z
11,BANK 1,BANK1 CA 11,90,2018-05-05T00:00:00.000Z,EUR,NaN,TILI 1,NaN,NaN,5nv65d8q-a0aa-00a0-a000-000a0a00a00a,2018-05-05T00:00:00.000Z
11,BANK 1,BANK1 CA 11,-59.6,2018-05-06T00:00:00.000Z,EUR,NaN,MARKET,NaN,NaN,8zk98n2a-a0aa-00a0-a000-000a0a00a00a,2018-05-06T00:00:00.000Z
11,BANK 1,BANK1 CA MAIN 11,-623,2018-05-08T00:00:00.000Z,EUR,NaN,ASUMINEN,NaN,NaN,1hm63h2x-a0aa-00a0-a000-000a0a00a00a,2018-05-08T00:00:00.000Z
11,BANK 1,BANK1 CA MAIN 11,-17.9,2018-05-08T00:00:00.000Z,EUR,NaN,RAVINTOLA,NaN,NaN,8lj37z8i-a0aa-00a0-a000-000a0a00a00a,2018-05-08T00:00:00.000Z
11,BANK 1,BANK1 CA 11,-27.9,2018-05-09T00:00:00.000Z,EUR,NaN,MARKET,NaN,NaN,5vl56s1l-a0aa-00a0-a000-000a0a00a00a,2018-05-09T00:00:00.000Z
11,BANK 1,BANK1 CA MAIN 11,-90,2018-05-10T00:00:00.000Z,EUR,NaN,TILI 2,NaN,NaN,1np70d6h-a0aa-00a0-a000-000a0a00a00a,2018-05-10T00:00:00.000Z
11,BANK 1,BANK1 CA 11,90,2018-05-10T00:00:00.000Z,EUR,NaN,TILI 1,NaN,NaN,0rx91z4j-a0aa-00a0-a000-000a0a00a00a,2018-05-10T00:00:00.000Z
11,BANK 1,BANK1 CA MAIN 11,-68.9,2018-05-11T00:00:00.000Z,EUR,NaN,VIIHDE,NaN,NaN,0ko06l5c-a0aa-00a0-a000-000a0a00a00a,2018-05-11T00:00:00.000Z
11,BANK 1,BANK1 CA 11,-30.9,2018-05-12T00:00:00.000Z,EUR,NaN,MARKET,NaN,NaN,4jf44x8i-a0aa-00a0-a000-000a0a00a00a,2018-05-12T00:00:00.000Z
11,BANK 1,BANK1 CA 11,-28.3,2018-05-13T00:00:00.000Z,EUR,NaN,MARKET,NaN,NaN,2hm69q7n-a0aa-00a0-a000-000a0a00a00a,2018-05-13T00:00:00.000Z
11,BANK 1,BANK1 CA 11,-60.1,2018-05-14T00:00:00.000Z,EUR,NaN,MARKET,NaN,NaN,4du28x9s-a0aa-00a0-a000-000a0a00a00a,2018-05-14T00:00:00.000Z
11,BANK 1,BANK1 CA MAIN 11,-19.2,2018-05-15T00:00:00.000Z,EUR,NaN,RAVINTOLA,NaN,NaN,3cs01n9n-a0aa-00a0-a000-000a0a00a00a,2018-05-15T00:00:00.000Z
11,BANK 1,BANK1 CA MAIN 11,-90,2018-05-15T00:00:00.000Z,EUR,NaN,TILI 2,NaN,NaN,5rw49e9b-a0aa-00a0-a000-000a0a00a00a,2018-05-15T00:00:00.000Z
11,BANK 1,BANK1 CA 11,90,2018-05-15T00:00:00.000Z,EUR,NaN,TILI 1,NaN,NaN,0qf53n2r-a0aa-00a0-a000-000a0a00a00a,2018-05-15T00:00:00.000Z
11,BANK 1,BANK1 CA MAIN 11,1818,2018-05-16T00:00:00.000Z,EUR,NaN,ANSIOTULOT,NaN,NaN,4bd40v0g-a0aa-00a0-a000-000a0a00a00a,2018-05-16T00:00:00.000Z
11,BANK 1,BANK1 CA 11,-44,2018-05-18T00:00:00.000Z,EUR,NaN,MARKET,NaN,NaN,6ee59l1f-a0aa-00a0-a000-000a0a00a00a,2018-05-18T00:00:00.000Z
11,BANK 1,BANK1 CA MAIN 11,-38.2,2018-05-18T00:00:00.000Z,EUR,NaN,RAVINTOLA,NaN,NaN,8qv99z2b-a0aa-00a0-a000-000a0a00a00a,2018-05-18T00:00:00.000Z
11,BANK 1,BANK1 CA MAIN 11,-32.3,2018-05-18T00:00:00.000Z,EUR,NaN,VIIHDE,NaN,NaN,9vm07y9m-a0aa-00a0-a000-000a0a00a00a,2018-05-18T00:00:00.000Z
11,BANK 1,BANK1 CA 11,-21.6,2018-05-19T00:00:00.000Z,EUR,NaN,MARKET,NaN,NaN,0to79o6m-a0aa-00a0-a000-000a0a00a00a,2018-05-19T00:00:00.000Z
11,BANK 1,BANK1 CA MAIN 11,-20,2018-05-20T00:00:00.000Z,EUR,NaN,LIIKENNE,NaN,NaN,9vw36n6e-a0aa-00a0-a000-000a0a00a00a,2018-05-20T00:00:00.000Z
11,BANK 1,BANK1 CA 11,-58,2018-05-20T00:00:00.000Z,EUR,NaN,MARKET,NaN,NaN,6bt30g8y-a0aa-00a0-a000-000a0a00a00a,2018-05-20T00:00:00.000Z
11,BANK 1,BANK1 CA MAIN 11,-90,2018-05-20T00:00:00.000Z,EUR,NaN,TILI 2,NaN,NaN,4st89g3o-a0aa-00a0-a000-000a0a00a00a,2018-05-20T00:00:00.000Z
11,BANK 1,BANK1 CA 11,90,2018-05-20T00:00:00.000Z,EUR,NaN,TILI 1,NaN,NaN,1kd03x8l-a0aa-00a0-a000-000a0a00a00a,2018-05-20T00:00:00.000Z
11,BANK 1,BANK1 CA 11,-25.8,2018-05-21T00:00:00.000Z,EUR,NaN,MARKET,NaN,NaN,2bp28s7q-a0aa-00a0-a000-000a0a00a00a,2018-05-21T00:00:00.000Z
11,BANK 1,BANK1 CA MAIN 11,-15.3,2018-05-21T00:00:00.000Z,EUR,NaN,RAVINTOLA,NaN,NaN,7zr96s2x-a0aa-00a0-a000-000a0a00a00a,2018-05-21T00:00:00.000Z
11,BANK 1,BANK1 CA MAIN 11,-19.8,2018-05-22T00:00:00.000Z,EUR,NaN,RAVINTOLA,NaN,NaN,6bw31g0r-a0aa-00a0-a000-000a0a00a00a,2018-05-22T00:00:00.000Z
11,BANK 1,BANK1 CA MAIN 11,-90,2018-05-22T00:00:00.000Z,EUR,NaN,TILI 2,NaN,NaN,0eb17g9v-a0aa-00a0-a000-000a0a00a00a,2018-05-22T00:00:00.000Z
11,BANK 1,BANK1 CA 11,90,2018-05-22T00:00:00.000Z,EUR,NaN,TILI 1,NaN,NaN,3fd61m1a-a0aa-00a0-a000-000a0a00a00a,2018-05-22T00:00:00.000Z
11,BANK 1,BANK1 CA 11,-26.6,2018-05-23T00:00:00.000Z,EUR,NaN,MARKET,NaN,NaN,1uc21z9k-a0aa-00a0-a000-000a0a00a00a,2018-05-23T00:00:00.000Z
11,BANK 1,BANK1 CA MAIN 11,-17.7,2018-05-25T00:00:00.000Z,EUR,NaN,RAVINTOLA,NaN,NaN,9ue67b4t-a0aa-00a0-a000-000a0a00a00a,2018-05-25T00:00:00.000Z
11,BANK 1,BANK1 CA MAIN 11,-62.2,2018-05-25T00:00:00.000Z,EUR,NaN,VIIHDE,NaN,NaN,2ch58l4q-a0aa-00a0-a000-000a0a00a00a,2018-05-25T00:00:00.000Z
11,BANK 1,BANK1 CA 11,-62.6,2018-05-26T00:00:00.000Z,EUR,NaN,MARKET,NaN,NaN,7lq84i9h-a0aa-00a0-a000-000a0a00a00a,2018-05-26T00:00:00.000Z
11,BANK 1,BANK1 CA MAIN 11,-90,2018-05-27T00:00:00.000Z,EUR,NaN,TILI 2,NaN,NaN,7yo96k3a-a0aa-00a0-a000-000a0a00a00a,2018-05-27T00:00:00.000Z
11,BANK 1,BANK1 CA 11,90,2018-05-27T00:00:00.000Z,EUR,NaN,TILI 1,NaN,NaN,2ql63w3m-a0aa-00a0-a000-000a0a00a00a,2018-05-27T00:00:00.000Z
11,BANK 1,BANK1 CA MAIN 11,-35.9,2018-05-28T00:00:00.000Z,EUR,NaN,RAVINTOLA,NaN,NaN,1qb95t7a-a0aa-00a0-a000-000a0a00a00a,2018-05-28T00:00:00.000Z
11,BANK 1,BANK1 CA MAIN 11,-30.9,2018-05-29T00:00:00.000Z,EUR,NaN,RAVINTOLA,NaN,NaN,5qu02f1m-a0aa-00a0-a000-000a0a00a00a,2018-05-29T00:00:00.000Z
11,BANK 1,BANK1 CA MAIN 11,-50,2018-05-31T00:00:00.000Z,EUR,NaN,HARRASTUKSET,NaN,NaN,3vm79e7j-a0aa-00a0-a000-000a0a00a00a,2018-05-31T00:00:00.000Z
11,BANK 1,BANK1 CA MAIN 11,-60,2018-06-01T00:00:00.000Z,EUR,NaN,HARRASTUKSET,NaN,NaN,3ba45x2y-a0aa-00a0-a000-000a0a00a00a,2018-06-01T00:00:00.000Z
11,BANK 1,BANK1 CA MAIN 11,-25,2018-06-01T00:00:00.000Z,EUR,NaN,PUHELIN,NaN,NaN,0ly49y9d-a0aa-00a0-a000-000a0a00a00a,2018-06-01T00:00:00.000Z
11,BANK 1,BANK1 CA MAIN 11,-20,2018-06-01T00:00:00.000Z,EUR,NaN,VAKUUTUKSET,NaN,NaN,6yi98c2l-a0aa-00a0-a000-000a0a00a00a,2018-06-01T00:00:00.000Z
11,BANK 1,BANK1 CA MAIN 11,-64.6,2018-06-01T00:00:00.000Z,EUR,NaN,VIIHDE,NaN,NaN,5kx25o8e-a0aa-00a0-a000-000a0a00a00a,2018-06-01T00:00:00.000Z
11,BANK 1,BANK1 CA MAIN 11,-5,2018-06-01T00:00:00.000Z,EUR,NaN,KUUKAUSIMAKSU TILI 1,NaN,NaN,6hp18n5o-a0aa-00a0-a000-000a0a00a00a,2018-06-01T00:00:00.000Z
11,BANK 1,BANK1 CA 11,-5,2018-06-01T00:00:00.000Z,EUR,NaN,KUUKAUSIMAKSU TILI 2,NaN,NaN,1ha00f4g-a0aa-00a0-a000-000a0a00a00a,2018-06-01T00:00:00.000Z
11,BANK 1,BANK1 CA 11,-39.8,2018-06-02T00:00:00.000Z,EUR,NaN,MARKET,NaN,NaN,5dq47e8x-a0aa-00a0-a000-000a0a00a00a,2018-06-02T00:00:00.000Z
11,BANK 1,BANK1 CA 11,-52,2018-06-03T00:00:00.000Z,EUR,NaN,MARKET,NaN,NaN,9vo92e2l-a0aa-00a0-a000-000a0a00a00a,2018-06-03T00:00:00.000Z
11,BANK 1,BANK1 CA 11,-36.8,2018-06-04T00:00:00.000Z,EUR,NaN,MARKET,NaN,NaN,8pa96g0x-a0aa-00a0-a000-000a0a00a00a,2018-06-04T00:00:00.000Z
11,BANK 1,BANK1 CA MAIN 11,-29.4,2018-06-04T00:00:00.000Z,EUR,NaN,RAVINTOLA,NaN,NaN,0tx37w5p-a0aa-00a0-a000-000a0a00a00a,2018-06-04T00:00:00.000Z
11,BANK 1,BANK1 CA MAIN 11,-90,2018-06-04T00:00:00.000Z,EUR,NaN,TILI 2,NaN,NaN,8ct80x6c-a0aa-00a0-a000-000a0a00a00a,2018-06-04T00:00:00.000Z
11,BANK 1,BANK1 CA 11,90,2018-06-04T00:00:00.000Z,EUR,NaN,TILI 1,NaN,NaN,5dy78f8p-a0aa-00a0-a000-000a0a00a00a,2018-06-04T00:00:00.000Z
11,BANK 1,BANK1 CA 11,-54.6,2018-06-06T00:00:00.000Z,EUR,NaN,MARKET,NaN,NaN,8oy60u6s-a0aa-00a0-a000-000a0a00a00a,2018-06-06T00:00:00.000Z
11,BANK 1,BANK1 CA MAIN 11,-90,2018-06-07T00:00:00.000Z,EUR,NaN,TILI 2,NaN,NaN,2eo67s6b-a0aa-00a0-a000-000a0a00a00a,2018-06-07T00:00:00.000Z
11,BANK 1,BANK1 CA 11,90,2018-06-07T00:00:00.000Z,EUR,NaN,TILI 1,NaN,NaN,3bf20u9y-a0aa-00a0-a000-000a0a00a00a,2018-06-07T00:00:00.000Z
11,BANK 1,BANK1 CA MAIN 11,-623,2018-06-08T00:00:00.000Z,EUR,NaN,ASUMINEN,NaN,NaN,5wg58q2h-a0aa-00a0-a000-000a0a00a00a,2018-06-08T00:00:00.000Z
11,BANK 1,BANK1 CA MAIN 11,-35.6,2018-06-08T00:00:00.000Z,EUR,NaN,VIIHDE,NaN,NaN,3on30h3x-a0aa-00a0-a000-000a0a00a00a,2018-06-08T00:00:00.000Z
11,BANK 1,BANK1 CA 11,-24.1,2018-06-13T00:00:00.000Z,EUR,NaN,MARKET,NaN,NaN,7ka69a9m-a0aa-00a0-a000-000a0a00a00a,2018-06-13T00:00:00.000Z
11,BANK 1,BANK1 CA MAIN 11,-15.1,2018-06-13T00:00:00.000Z,EUR,NaN,RAVINTOLA,NaN,NaN,9ue93q9w-a0aa-00a0-a000-000a0a00a00a,2018-06-13T00:00:00.000Z
11,BANK 1,BANK1 CA MAIN 11,-29,2018-06-15T00:00:00.000Z,EUR,NaN,VIIHDE,NaN,NaN,4my43w9y-a0aa-00a0-a000-000a0a00a00a,2018-06-15T00:00:00.000Z
11,BANK 1,BANK1 CA MAIN 11,1818,2018-06-16T00:00:00.000Z,EUR,NaN,ANSIOTULOT,NaN,NaN,0nu39a3q-a0aa-00a0-a000-000a0a00a00a,2018-06-16T00:00:00.000Z
11,BANK 1,BANK1 CA 11,-21.6,2018-06-16T00:00:00.000Z,EUR,NaN,MARKET,NaN,NaN,3eg52i5a-a0aa-00a0-a000-000a0a00a00a,2018-06-16T00:00:00.000Z
11,BANK 1,BANK1 CA 11,-42.7,2018-06-17T00:00:00.000Z,EUR,NaN,MARKET,NaN,NaN,5ms54a6h-a0aa-00a0-a000-000a0a00a00a,2018-06-17T00:00:00.000Z
11,BANK 1,BANK1 CA 11,-41,2018-06-18T00:00:00.000Z,EUR,NaN,MARKET,NaN,NaN,3ec24h4e-a0aa-00a0-a000-000a0a00a00a,2018-06-18T00:00:00.000Z
11,BANK 1,BANK1 CA MAIN 11,-22.9,2018-06-18T00:00:00.000Z,EUR,NaN,RAVINTOLA,NaN,NaN,3tr10p2q-a0aa-00a0-a000-000a0a00a00a,2018-06-18T00:00:00.000Z
11,BANK 1,BANK1 CA MAIN 11,-90,2018-06-18T00:00:00.000Z,EUR,NaN,TILI 2,NaN,NaN,6dl08g5s-a0aa-00a0-a000-000a0a00a00a,2018-06-18T00:00:00.000Z
11,BANK 1,BANK1 CA 11,90,2018-06-18T00:00:00.000Z,EUR,NaN,TILI 1,NaN,NaN,8nd40t8h-a0aa-00a0-a000-000a0a00a00a,2018-06-18T00:00:00.000Z
11,BANK 1,BANK1 CA MAIN 11,-20,2018-06-20T00:00:00.000Z,EUR,NaN,LIIKENNE,NaN,NaN,2lv68d6d-a0aa-00a0-a000-000a0a00a00a,2018-06-20T00:00:00.000Z
11,BANK 1,BANK1 CA 11,-63.5,2018-06-20T00:00:00.000Z,EUR,NaN,MARKET,NaN,NaN,6aj96e6q-a0aa-00a0-a000-000a0a00a00a,2018-06-20T00:00:00.000Z
11,BANK 1,BANK1 CA MAIN 11,-26.5,2018-06-20T00:00:00.000Z,EUR,NaN,RAVINTOLA,NaN,NaN,4gw14o6h-a0aa-00a0-a000-000a0a00a00a,2018-06-20T00:00:00.000Z
11,BANK 1,BANK1 CA MAIN 11,-90,2018-06-21T00:00:00.000Z,EUR,NaN,TILI 2,NaN,NaN,8pi92y2l-a0aa-00a0-a000-000a0a00a00a,2018-06-21T00:00:00.000Z
11,BANK 1,BANK1 CA 11,90,2018-06-21T00:00:00.000Z,EUR,NaN,TILI 1,NaN,NaN,4wc41d2w-a0aa-00a0-a000-000a0a00a00a,2018-06-21T00:00:00.000Z
11,BANK 1,BANK1 CA MAIN 11,-40.9,2018-06-22T00:00:00.000Z,EUR,NaN,VIIHDE,NaN,NaN,2md93x5i-a0aa-00a0-a000-000a0a00a00a,2018-06-22T00:00:00.000Z
11,BANK 1,BANK1 CA MAIN 11,-31.2,2018-06-26T00:00:00.000Z,EUR,NaN,RAVINTOLA,NaN,NaN,8ad15y7l-a0aa-00a0-a000-000a0a00a00a,2018-06-26T00:00:00.000Z
11,BANK 1,BANK1 CA MAIN 11,-16.9,2018-06-27T00:00:00.000Z,EUR,NaN,RAVINTOLA,NaN,NaN,8on00q6t-a0aa-00a0-a000-000a0a00a00a,2018-06-27T00:00:00.000Z
11,BANK 1,BANK1 CA 11,-49.5,2018-06-29T00:00:00.000Z,EUR,NaN,MARKET,NaN,NaN,8no49s8e-a0aa-00a0-a000-000a0a00a00a,2018-06-29T00:00:00.000Z
11,BANK 1,BANK1 CA MAIN 11,-68.4,2018-06-29T00:00:00.000Z,EUR,NaN,VIIHDE,NaN,NaN,5de97k3t-a0aa-00a0-a000-000a0a00a00a,2018-06-29T00:00:00.000Z
11,BANK 1,BANK1 CA MAIN 11,-50,2018-06-30T00:00:00.000Z,EUR,NaN,HARRASTUKSET,NaN,NaN,6rn97z2z-a0aa-00a0-a000-000a0a00a00a,2018-06-30T00:00:00.000Z
11,BANK 1,BANK1 CA 11,-58.8,2018-06-30T00:00:00.000Z,EUR,NaN,MARKET,NaN,NaN,3tt17j6k-a0aa-00a0-a000-000a0a00a00a,2018-06-30T00:00:00.000Z
11,BANK 1,BANK1 CA MAIN 11,-100,2018-07-01T00:00:00.000Z,EUR,NaN,HARRASTUKSET,NaN,NaN,3rj30o3e-a0aa-00a0-a000-000a0a00a00a,2018-07-01T00:00:00.000Z
11,BANK 1,BANK1 CA 11,-29.6,2018-07-01T00:00:00.000Z,EUR,NaN,MARKET,NaN,NaN,6hi52x6a-a0aa-00a0-a000-000a0a00a00a,2018-07-01T00:00:00.000Z
11,BANK 1,BANK1 CA MAIN 11,-25,2018-07-01T00:00:00.000Z,EUR,NaN,PUHELIN,NaN,NaN,4ua50h6w-a0aa-00a0-a000-000a0a00a00a,2018-07-01T00:00:00.000Z
11,BANK 1,BANK1 CA MAIN 11,-20,2018-07-01T00:00:00.000Z,EUR,NaN,VAKUUTUKSET,NaN,NaN,5cl09e7k-a0aa-00a0-a000-000a0a00a00a,2018-07-01T00:00:00.000Z
11,BANK 1,BANK1 CA MAIN 11,-90,2018-07-01T00:00:00.000Z,EUR,NaN,TILI 2,NaN,NaN,8xb75c9y-a0aa-00a0-a000-000a0a00a00a,2018-07-01T00:00:00.000Z
11,BANK 1,BANK1 CA MAIN 11,-5,2018-07-01T00:00:00.000Z,EUR,NaN,KUUKAUSIMAKSU TILI 1,NaN,NaN,3pd21o2t-a0aa-00a0-a000-000a0a00a00a,2018-07-01T00:00:00.000Z
11,BANK 1,BANK1 CA 11,-5,2018-07-01T00:00:00.000Z,EUR,NaN,KUUKAUSIMAKSU TILI 2,NaN,NaN,4ce48d7x-a0aa-00a0-a000-000a0a00a00a,2018-07-01T00:00:00.000Z
11,BANK 1,BANK1 CA 11,90,2018-07-01T00:00:00.000Z,EUR,NaN,TILI 1,NaN,NaN,5sf57y2y-a0aa-00a0-a000-000a0a00a00a,2018-07-01T00:00:00.000Z
11,BANK 1,BANK1 CA MAIN 11,-17.9,2018-07-02T00:00:00.000Z,EUR,NaN,RAVINTOLA,NaN,NaN,9ly66g8f-a0aa-00a0-a000-000a0a00a00a,2018-07-02T00:00:00.000Z
11,BANK 1,BANK1 CA MAIN 11,-20.8,2018-07-04T00:00:00.000Z,EUR,NaN,RAVINTOLA,NaN,NaN,2so73a0c-a0aa-00a0-a000-000a0a00a00a,2018-07-04T00:00:00.000Z
11,BANK 1,BANK1 CA 11,-51.2,2018-07-06T00:00:00.000Z,EUR,NaN,MARKET,NaN,NaN,6go36v4w-a0aa-00a0-a000-000a0a00a00a,2018-07-06T00:00:00.000Z
11,BANK 1,BANK1 CA MAIN 11,-58.4,2018-07-06T00:00:00.000Z,EUR,NaN,VIIHDE,NaN,NaN,3nx41k5l-a0aa-00a0-a000-000a0a00a00a,2018-07-06T00:00:00.000Z
11,BANK 1,BANK1 CA 11,-41.9,2018-07-07T00:00:00.000Z,EUR,NaN,MARKET,NaN,NaN,8id41a9k-a0aa-00a0-a000-000a0a00a00a,2018-07-07T00:00:00.000Z
11,BANK 1,BANK1 CA MAIN 11,-90,2018-07-07T00:00:00.000Z,EUR,NaN,TILI 2,NaN,NaN,2fi03n7n-a0aa-00a0-a000-000a0a00a00a,2018-07-07T00:00:00.000Z
11,BANK 1,BANK1 CA 11,90,2018-07-07T00:00:00.000Z,EUR,NaN,TILI 1,NaN,NaN,4xn66n4e-a0aa-00a0-a000-000a0a00a00a,2018-07-07T00:00:00.000Z
11,BANK 1,BANK1 CA MAIN 11,-623,2018-07-08T00:00:00.000Z,EUR,NaN,ASUMINEN,NaN,NaN,6hl41i2f-a0aa-00a0-a000-000a0a00a00a,2018-07-08T00:00:00.000Z
11,BANK 1,BANK1 CA 11,-49.5,2018-07-09T00:00:00.000Z,EUR,NaN,MARKET,NaN,NaN,4tx14r0o-a0aa-00a0-a000-000a0a00a00a,2018-07-09T00:00:00.000Z
11,BANK 1,BANK1 CA MAIN 11,-21.1,2018-07-09T00:00:00.000Z,EUR,NaN,RAVINTOLA,NaN,NaN,6bi48n5l-a0aa-00a0-a000-000a0a00a00a,2018-07-09T00:00:00.000Z
11,BANK 1,BANK1 CA MAIN 11,-90,2018-07-10T00:00:00.000Z,EUR,NaN,TILI 2,NaN,NaN,2ln72l4e-a0aa-00a0-a000-000a0a00a00a,2018-07-10T00:00:00.000Z
11,BANK 1,BANK1 CA 11,90,2018-07-10T00:00:00.000Z,EUR,NaN,TILI 1,NaN,NaN,4zk89y9l-a0aa-00a0-a000-000a0a00a00a,2018-07-10T00:00:00.000Z
11,BANK 1,BANK1 CA 11,-52.9,2018-07-11T00:00:00.000Z,EUR,NaN,MARKET,NaN,NaN,4mw86t9k-a0aa-00a0-a000-000a0a00a00a,2018-07-11T00:00:00.000Z
11,BANK 1,BANK1 CA MAIN 11,-20.3,2018-07-11T00:00:00.000Z,EUR,NaN,RAVINTOLA,NaN,NaN,3xt76w6r-a0aa-00a0-a000-000a0a00a00a,2018-07-11T00:00:00.000Z
11,BANK 1,BANK1 CA MAIN 11,-90,2018-07-12T00:00:00.000Z,EUR,NaN,TILI 2,NaN,NaN,9ao19i7t-a0aa-00a0-a000-000a0a00a00a,2018-07-12T00:00:00.000Z
11,BANK 1,BANK1 CA 11,90,2018-07-12T00:00:00.000Z,EUR,NaN,TILI 1,NaN,NaN,7pd99m9p-a0aa-00a0-a000-000a0a00a00a,2018-07-12T00:00:00.000Z
11,BANK 1,BANK1 CA MAIN 11,-53.7,2018-07-13T00:00:00.000Z,EUR,NaN,VIIHDE,NaN,NaN,9yt20u2s-a0aa-00a0-a000-000a0a00a00a,2018-07-13T00:00:00.000Z
11,BANK 1,BANK1 CA 11,-45.7,2018-07-14T00:00:00.000Z,EUR,NaN,MARKET,NaN,NaN,8dz67l2f-a0aa-00a0-a000-000a0a00a00a,2018-07-14T00:00:00.000Z
11,BANK 1,BANK1 CA MAIN 11,1818,2018-07-16T00:00:00.000Z,EUR,NaN,ANSIOTULOT,NaN,NaN,9wj87z3k-a0aa-00a0-a000-000a0a00a00a,2018-07-16T00:00:00.000Z
11,BANK 1,BANK1 CA 11,-38.1,2018-07-16T00:00:00.000Z,EUR,NaN,MARKET,NaN,NaN,8fw32u3w-a0aa-00a0-a000-000a0a00a00a,2018-07-16T00:00:00.000Z
11,BANK 1,BANK1 CA MAIN 11,-39,2018-07-16T00:00:00.000Z,EUR,NaN,RAVINTOLA,NaN,NaN,7jd39u0a-a0aa-00a0-a000-000a0a00a00a,2018-07-16T00:00:00.000Z
11,BANK 1,BANK1 CA MAIN 11,-31.5,2018-07-17T00:00:00.000Z,EUR,NaN,RAVINTOLA,NaN,NaN,4gu01j4o-a0aa-00a0-a000-000a0a00a00a,2018-07-17T00:00:00.000Z
11,BANK 1,BANK1 CA MAIN 11,-20,2018-07-20T00:00:00.000Z,EUR,NaN,LIIKENNE,NaN,NaN,8bq40p6k-a0aa-00a0-a000-000a0a00a00a,2018-07-20T00:00:00.000Z
11,BANK 1,BANK1 CA MAIN 11,-26.5,2018-07-20T00:00:00.000Z,EUR,NaN,RAVINTOLA,NaN,NaN,0kk47k8z-a0aa-00a0-a000-000a0a00a00a,2018-07-20T00:00:00.000Z
11,BANK 1,BANK1 CA MAIN 11,-60.3,2018-07-20T00:00:00.000Z,EUR,NaN,VIIHDE,NaN,NaN,9pc85g0p-a0aa-00a0-a000-000a0a00a00a,2018-07-20T00:00:00.000Z
11,BANK 1,BANK1 CA 11,-36,2018-07-21T00:00:00.000Z,EUR,NaN,MARKET,NaN,NaN,9fd88v4m-a0aa-00a0-a000-000a0a00a00a,2018-07-21T00:00:00.000Z
11,BANK 1,BANK1 CA MAIN 11,-90,2018-07-22T00:00:00.000Z,EUR,NaN,TILI 2,NaN,NaN,2hb84z7o-a0aa-00a0-a000-000a0a00a00a,2018-07-22T00:00:00.000Z
11,BANK 1,BANK1 CA 11,90,2018-07-22T00:00:00.000Z,EUR,NaN,TILI 1,NaN,NaN,9uy03i1g-a0aa-00a0-a000-000a0a00a00a,2018-07-22T00:00:00.000Z
11,BANK 1,BANK1 CA MAIN 11,-34.6,2018-07-23T00:00:00.000Z,EUR,NaN,RAVINTOLA,NaN,NaN,5mm44f8c-a0aa-00a0-a000-000a0a00a00a,2018-07-23T00:00:00.000Z
11,BANK 1,BANK1 CA MAIN 11,-29.1,2018-07-24T00:00:00.000Z,EUR,NaN,RAVINTOLA,NaN,NaN,7vs14q6m-a0aa-00a0-a000-000a0a00a00a,2018-07-24T00:00:00.000Z
11,BANK 1,BANK1 CA MAIN 11,-24.7,2018-07-27T00:00:00.000Z,EUR,NaN,VIIHDE,NaN,NaN,5hm76n2l-a0aa-00a0-a000-000a0a00a00a,2018-07-27T00:00:00.000Z
11,BANK 1,BANK1 CA 11,-44,2018-07-30T00:00:00.000Z,EUR,NaN,MARKET,NaN,NaN,0qp47a3n-a0aa-00a0-a000-000a0a00a00a,2018-07-30T00:00:00.000Z
11,BANK 1,BANK1 CA MAIN 11,-35.4,2018-07-30T00:00:00.000Z,EUR,NaN,RAVINTOLA,NaN,NaN,4bg32z4u-a0aa-00a0-a000-000a0a00a00a,2018-07-30T00:00:00.000Z
11,BANK 1,BANK1 CA MAIN 11,-50,2018-07-31T00:00:00.000Z,EUR,NaN,HARRASTUKSET,NaN,NaN,0jz40t7x-a0aa-00a0-a000-000a0a00a00a,2018-07-31T00:00:00.000Z
11,BANK 1,BANK1 CA MAIN 11,-74,2018-08-01T00:00:00.000Z,EUR,NaN,HARRASTUKSET,NaN,NaN,9em40a6l-a0aa-00a0-a000-000a0a00a00a,2018-08-01T00:00:00.000Z
11,BANK 1,BANK1 CA 11,-49.5,2018-08-01T00:00:00.000Z,EUR,NaN,MARKET,NaN,NaN,3bz16p3c-a0aa-00a0-a000-000a0a00a00a,2018-08-01T00:00:00.000Z
11,BANK 1,BANK1 CA MAIN 11,-25,2018-08-01T00:00:00.000Z,EUR,NaN,PUHELIN,NaN,NaN,5id10j1c-a0aa-00a0-a000-000a0a00a00a,2018-08-01T00:00:00.000Z
11,BANK 1,BANK1 CA MAIN 11,-37.2,2018-08-01T00:00:00.000Z,EUR,NaN,RAVINTOLA,NaN,NaN,1xx49r5j-a0aa-00a0-a000-000a0a00a00a,2018-08-01T00:00:00.000Z
11,BANK 1,BANK1 CA MAIN 11,-20,2018-08-01T00:00:00.000Z,EUR,NaN,VAKUUTUKSET,NaN,NaN,4qf06y5n-a0aa-00a0-a000-000a0a00a00a,2018-08-01T00:00:00.000Z
11,BANK 1,BANK1 CA MAIN 11,-5,2018-08-01T00:00:00.000Z,EUR,NaN,KUUKAUSIMAKSU TILI 1,NaN,NaN,4yp39i5a-a0aa-00a0-a000-000a0a00a00a,2018-08-01T00:00:00.000Z
11,BANK 1,BANK1 CA 11,-5,2018-08-01T00:00:00.000Z,EUR,NaN,KUUKAUSIMAKSU TILI 2,NaN,NaN,3vz58k1z-a0aa-00a0-a000-000a0a00a00a,2018-08-01T00:00:00.000Z
11,BANK 1,BANK1 CA MAIN 11,-90,2018-08-02T00:00:00.000Z,EUR,NaN,TILI 2,NaN,NaN,2zg71l3v-a0aa-00a0-a000-000a0a00a00a,2018-08-02T00:00:00.000Z
11,BANK 1,BANK1 CA 11,90,2018-08-02T00:00:00.000Z,EUR,NaN,TILI 1,NaN,NaN,1fp26n2t-a0aa-00a0-a000-000a0a00a00a,2018-08-02T00:00:00.000Z
11,BANK 1,BANK1 CA MAIN 11,-25,2018-08-03T00:00:00.000Z,EUR,NaN,RAVINTOLA,NaN,NaN,8sb14t0b-a0aa-00a0-a000-000a0a00a00a,2018-08-03T00:00:00.000Z
11,BANK 1,BANK1 CA MAIN 11,-35.2,2018-08-03T00:00:00.000Z,EUR,NaN,VIIHDE,NaN,NaN,1ly44p2t-a0aa-00a0-a000-000a0a00a00a,2018-08-03T00:00:00.000Z
11,BANK 1,BANK1 CA MAIN 11,-28.3,2018-08-06T00:00:00.000Z,EUR,NaN,RAVINTOLA,NaN,NaN,2ss30r6z-a0aa-00a0-a000-000a0a00a00a,2018-08-06T00:00:00.000Z
11,BANK 1,BANK1 CA MAIN 11,-34.3,2018-08-07T00:00:00.000Z,EUR,NaN,RAVINTOLA,NaN,NaN,8mk22m8u-a0aa-00a0-a000-000a0a00a00a,2018-08-07T00:00:00.000Z
11,BANK 1,BANK1 CA MAIN 11,-623,2018-08-08T00:00:00.000Z,EUR,NaN,ASUMINEN,NaN,NaN,5eq88n3y-a0aa-00a0-a000-000a0a00a00a,2018-08-08T00:00:00.000Z
11,BANK 1,BANK1 CA MAIN 11,-22.1,2018-08-08T00:00:00.000Z,EUR,NaN,RAVINTOLA,NaN,NaN,3rr90o5i-a0aa-00a0-a000-000a0a00a00a,2018-08-08T00:00:00.000Z
11,BANK 1,BANK1 CA MAIN 11,-23.8,2018-08-10T00:00:00.000Z,EUR,NaN,VIIHDE,NaN,NaN,9iz87a6n-a0aa-00a0-a000-000a0a00a00a,2018-08-10T00:00:00.000Z
11,BANK 1,BANK1 CA 11,-53.7,2018-08-11T00:00:00.000Z,EUR,NaN,MARKET,NaN,NaN,9js32n2f-a0aa-00a0-a000-000a0a00a00a,2018-08-11T00:00:00.000Z
11,BANK 1,BANK1 CA 11,-61.8,2018-08-12T00:00:00.000Z,EUR,NaN,MARKET,NaN,NaN,0lz18y7n-a0aa-00a0-a000-000a0a00a00a,2018-08-12T00:00:00.000Z
11,BANK 1,BANK1 CA MAIN 11,-90,2018-08-12T00:00:00.000Z,EUR,NaN,TILI 2,NaN,NaN,9tk64j2x-a0aa-00a0-a000-000a0a00a00a,2018-08-12T00:00:00.000Z
11,BANK 1,BANK1 CA 11,90,2018-08-12T00:00:00.000Z,EUR,NaN,TILI 1,NaN,NaN,9ne84p7x-a0aa-00a0-a000-000a0a00a00a,2018-08-12T00:00:00.000Z
11,BANK 1,BANK1 CA MAIN 11,-30.7,2018-08-13T00:00:00.000Z,EUR,NaN,RAVINTOLA,NaN,NaN,8ic32f7p-a0aa-00a0-a000-000a0a00a00a,2018-08-13T00:00:00.000Z
11,BANK 1,BANK1 CA MAIN 11,-32.8,2018-08-14T00:00:00.000Z,EUR,NaN,RAVINTOLA,NaN,NaN,3du14v6w-a0aa-00a0-a000-000a0a00a00a,2018-08-14T00:00:00.000Z
11,BANK 1,BANK1 CA MAIN 11,1818,2018-08-16T00:00:00.000Z,EUR,NaN,ANSIOTULOT,NaN,NaN,0ob14l9s-a0aa-00a0-a000-000a0a00a00a,2018-08-16T00:00:00.000Z
11,BANK 1,BANK1 CA MAIN 11,-35.6,2018-08-17T00:00:00.000Z,EUR,NaN,RAVINTOLA,NaN,NaN,8fe22z3b-a0aa-00a0-a000-000a0a00a00a,2018-08-17T00:00:00.000Z
11,BANK 1,BANK1 CA MAIN 11,-53.2,2018-08-17T00:00:00.000Z,EUR,NaN,VIIHDE,NaN,NaN,3yn55w4o-a0aa-00a0-a000-000a0a00a00a,2018-08-17T00:00:00.000Z
11,BANK 1,BANK1 CA 11,-57.1,2018-08-19T00:00:00.000Z,EUR,NaN,MARKET,NaN,NaN,0qd68r1m-a0aa-00a0-a000-000a0a00a00a,2018-08-19T00:00:00.000Z
11,BANK 1,BANK1 CA MAIN 11,-20,2018-08-20T00:00:00.000Z,EUR,NaN,LIIKENNE,NaN,NaN,5ok40o5g-a0aa-00a0-a000-000a0a00a00a,2018-08-20T00:00:00.000Z
11,BANK 1,BANK1 CA MAIN 11,-29.6,2018-08-20T00:00:00.000Z,EUR,NaN,RAVINTOLA,NaN,NaN,7ut42l6u-a0aa-00a0-a000-000a0a00a00a,2018-08-20T00:00:00.000Z
11,BANK 1,BANK1 CA MAIN 11,-90,2018-08-20T00:00:00.000Z,EUR,NaN,TILI 2,NaN,NaN,8gj70f7a-a0aa-00a0-a000-000a0a00a00a,2018-08-20T00:00:00.000Z
11,BANK 1,BANK1 CA 11,90,2018-08-20T00:00:00.000Z,EUR,NaN,TILI 1,NaN,NaN,3mr91w0q-a0aa-00a0-a000-000a0a00a00a,2018-08-20T00:00:00.000Z
11,BANK 1,BANK1 CA MAIN 11,-16.1,2018-08-21T00:00:00.000Z,EUR,NaN,RAVINTOLA,NaN,NaN,8eg50s8l-a0aa-00a0-a000-000a0a00a00a,2018-08-21T00:00:00.000Z
11,BANK 1,BANK1 CA 11,-41,2018-08-22T00:00:00.000Z,EUR,NaN,MARKET,NaN,NaN,2db90g1m-a0aa-00a0-a000-000a0a00a00a,2018-08-22T00:00:00.000Z
11,BANK 1,BANK1 CA MAIN 11,-37.4,2018-08-22T00:00:00.000Z,EUR,NaN,RAVINTOLA,NaN,NaN,1pw81h7m-a0aa-00a0-a000-000a0a00a00a,2018-08-22T00:00:00.000Z
11,BANK 1,BANK1 CA MAIN 11,-37.4,2018-08-24T00:00:00.000Z,EUR,NaN,RAVINTOLA,NaN,NaN,5qx48z5f-a0aa-00a0-a000-000a0a00a00a,2018-08-24T00:00:00.000Z
11,BANK 1,BANK1 CA MAIN 11,-27.6,2018-08-24T00:00:00.000Z,EUR,NaN,VIIHDE,NaN,NaN,2yy91l6t-a0aa-00a0-a000-000a0a00a00a,2018-08-24T00:00:00.000Z
11,BANK 1,BANK1 CA 11,-59.2,2018-08-29T00:00:00.000Z,EUR,NaN,MARKET,NaN,NaN,2zh29b5k-a0aa-00a0-a000-000a0a00a00a,2018-08-29T00:00:00.000Z
11,BANK 1,BANK1 CA MAIN 11,-90,2018-08-30T00:00:00.000Z,EUR,NaN,TILI 2,NaN,NaN,1ci42b8g-a0aa-00a0-a000-000a0a00a00a,2018-08-30T00:00:00.000Z
11,BANK 1,BANK1 CA 11,90,2018-08-30T00:00:00.000Z,EUR,NaN,TILI 1,NaN,NaN,1px72o5r-a0aa-00a0-a000-000a0a00a00a,2018-08-30T00:00:00.000Z
11,BANK 1,BANK1 CA MAIN 11,-50,2018-08-31T00:00:00.000Z,EUR,NaN,HARRASTUKSET,NaN,NaN,4zi42m2e-a0aa-00a0-a000-000a0a00a00a,2018-08-31T00:00:00.000Z
11,BANK 1,BANK1 CA MAIN 11,-29.6,2018-08-31T00:00:00.000Z,EUR,NaN,RAVINTOLA,NaN,NaN,8iq33t6h-a0aa-00a0-a000-000a0a00a00a,2018-08-31T00:00:00.000Z
11,BANK 1,BANK1 CA MAIN 11,-65.6,2018-08-31T00:00:00.000Z,EUR,NaN,VIIHDE,NaN,NaN,0dv92m6k-a0aa-00a0-a000-000a0a00a00a,2018-08-31T00:00:00.000Z
11,BANK 1,BANK1 CA MAIN 11,-88,2018-09-01T00:00:00.000Z,EUR,NaN,HARRASTUKSET,NaN,NaN,2qh49u2x-a0aa-00a0-a000-000a0a00a00a,2018-09-01T00:00:00.000Z
11,BANK 1,BANK1 CA MAIN 11,-25,2018-09-01T00:00:00.000Z,EUR,NaN,PUHELIN,NaN,NaN,3rd76c2y-a0aa-00a0-a000-000a0a00a00a,2018-09-01T00:00:00.000Z
11,BANK 1,BANK1 CA MAIN 11,-20,2018-09-01T00:00:00.000Z,EUR,NaN,VAKUUTUKSET,NaN,NaN,6af33z5i-a0aa-00a0-a000-000a0a00a00a,2018-09-01T00:00:00.000Z
11,BANK 1,BANK1 CA MAIN 11,-5,2018-09-01T00:00:00.000Z,EUR,NaN,KUUKAUSIMAKSU TILI 1,NaN,NaN,0ss58a0o-a0aa-00a0-a000-000a0a00a00a,2018-09-01T00:00:00.000Z
11,BANK 1,BANK1 CA 11,-5,2018-09-01T00:00:00.000Z,EUR,NaN,KUUKAUSIMAKSU TILI 2,NaN,NaN,5wg81e0p-a0aa-00a0-a000-000a0a00a00a,2018-09-01T00:00:00.000Z
11,BANK 1,BANK1 CA 11,-59.6,2018-09-02T00:00:00.000Z,EUR,NaN,MARKET,NaN,NaN,9xt08i1y-a0aa-00a0-a000-000a0a00a00a,2018-09-02T00:00:00.000Z
11,BANK 1,BANK1 CA 11,-36,2018-09-03T00:00:00.000Z,EUR,NaN,MARKET,NaN,NaN,6aj82m6g-a0aa-00a0-a000-000a0a00a00a,2018-09-03T00:00:00.000Z
11,BANK 1,BANK1 CA MAIN 11,-31.7,2018-09-03T00:00:00.000Z,EUR,NaN,RAVINTOLA,NaN,NaN,2em63j9z-a0aa-00a0-a000-000a0a00a00a,2018-09-03T00:00:00.000Z
11,BANK 1,BANK1 CA MAIN 11,-90,2018-09-03T00:00:00.000Z,EUR,NaN,TILI 2,NaN,NaN,6qt41s9k-a0aa-00a0-a000-000a0a00a00a,2018-09-03T00:00:00.000Z
11,BANK 1,BANK1 CA 11,90,2018-09-03T00:00:00.000Z,EUR,NaN,TILI 1,NaN,NaN,4ab71x5b-a0aa-00a0-a000-000a0a00a00a,2018-09-03T00:00:00.000Z
11,BANK 1,BANK1 CA MAIN 11,-29.5,2018-09-07T00:00:00.000Z,EUR,NaN,VIIHDE,NaN,NaN,6kq61x2b-a0aa-00a0-a000-000a0a00a00a,2018-09-07T00:00:00.000Z
11,BANK 1,BANK1 CA MAIN 11,-623,2018-09-08T00:00:00.000Z,EUR,NaN,ASUMINEN,NaN,NaN,2kf16d4e-a0aa-00a0-a000-000a0a00a00a,2018-09-08T00:00:00.000Z
11,BANK 1,BANK1 CA 11,-28.3,2018-09-10T00:00:00.000Z,EUR,NaN,MARKET,NaN,NaN,2aq97h7j-a0aa-00a0-a000-000a0a00a00a,2018-09-10T00:00:00.000Z
11,BANK 1,BANK1 CA MAIN 11,-15.9,2018-09-11T00:00:00.000Z,EUR,NaN,RAVINTOLA,NaN,NaN,3lg81a6e-a0aa-00a0-a000-000a0a00a00a,2018-09-11T00:00:00.000Z
11,BANK 1,BANK1 CA MAIN 11,-14.8,2018-09-12T00:00:00.000Z,EUR,NaN,RAVINTOLA,NaN,NaN,0bk13c8e-a0aa-00a0-a000-000a0a00a00a,2018-09-12T00:00:00.000Z
11,BANK 1,BANK1 CA 11,-33.4,2018-09-14T00:00:00.000Z,EUR,NaN,MARKET,NaN,NaN,4gl82y2c-a0aa-00a0-a000-000a0a00a00a,2018-09-14T00:00:00.000Z
11,BANK 1,BANK1 CA MAIN 11,-65.6,2018-09-14T00:00:00.000Z,EUR,NaN,VIIHDE,NaN,NaN,3lq97h2m-a0aa-00a0-a000-000a0a00a00a,2018-09-14T00:00:00.000Z
11,BANK 1,BANK1 CA 11,-52.9,2018-09-15T00:00:00.000Z,EUR,NaN,MARKET,NaN,NaN,8qj56q6q-a0aa-00a0-a000-000a0a00a00a,2018-09-15T00:00:00.000Z
11,BANK 1,BANK1 CA MAIN 11,-90,2018-09-15T00:00:00.000Z,EUR,NaN,TILI 2,NaN,NaN,6xb79o4b-a0aa-00a0-a000-000a0a00a00a,2018-09-15T00:00:00.000Z
11,BANK 1,BANK1 CA 11,90,2018-09-15T00:00:00.000Z,EUR,NaN,TILI 1,NaN,NaN,0kz24m0b-a0aa-00a0-a000-000a0a00a00a,2018-09-15T00:00:00.000Z
11,BANK 1,BANK1 CA MAIN 11,1818,2018-09-16T00:00:00.000Z,EUR,NaN,ANSIOTULOT,NaN,NaN,3ml66d2n-a0aa-00a0-a000-000a0a00a00a,2018-09-16T00:00:00.000Z
11,BANK 1,BANK1 CA MAIN 11,-19.8,2018-09-18T00:00:00.000Z,EUR,NaN,RAVINTOLA,NaN,NaN,5nk96m6a-a0aa-00a0-a000-000a0a00a00a,2018-09-18T00:00:00.000Z
11,BANK 1,BANK1 CA MAIN 11,-20,2018-09-20T00:00:00.000Z,EUR,NaN,LIIKENNE,NaN,NaN,6gr33i6c-a0aa-00a0-a000-000a0a00a00a,2018-09-20T00:00:00.000Z
11,BANK 1,BANK1 CA 11,-37.2,2018-09-21T00:00:00.000Z,EUR,NaN,MARKET,NaN,NaN,5vp71k4f-a0aa-00a0-a000-000a0a00a00a,2018-09-21T00:00:00.000Z
11,BANK 1,BANK1 CA MAIN 11,-25.7,2018-09-21T00:00:00.000Z,EUR,NaN,VIIHDE,NaN,NaN,3xv22c2s-a0aa-00a0-a000-000a0a00a00a,2018-09-21T00:00:00.000Z
11,BANK 1,BANK1 CA MAIN 11,-90,2018-09-22T00:00:00.000Z,EUR,NaN,TILI 2,NaN,NaN,5hk72m6i-a0aa-00a0-a000-000a0a00a00a,2018-09-22T00:00:00.000Z
11,BANK 1,BANK1 CA 11,90,2018-09-22T00:00:00.000Z,EUR,NaN,TILI 1,NaN,NaN,8is80n8l-a0aa-00a0-a000-000a0a00a00a,2018-09-22T00:00:00.000Z
11,BANK 1,BANK1 CA 11,-25.8,2018-09-24T00:00:00.000Z,EUR,NaN,MARKET,NaN,NaN,8dp62t3x-a0aa-00a0-a000-000a0a00a00a,2018-09-24T00:00:00.000Z
11,BANK 1,BANK1 CA MAIN 11,-29.1,2018-09-24T00:00:00.000Z,EUR,NaN,RAVINTOLA,NaN,NaN,7dk81i5g-a0aa-00a0-a000-000a0a00a00a,2018-09-24T00:00:00.000Z
11,BANK 1,BANK1 CA 11,-58,2018-09-26T00:00:00.000Z,EUR,NaN,MARKET,NaN,NaN,2vw77o4l-a0aa-00a0-a000-000a0a00a00a,2018-09-26T00:00:00.000Z
11,BANK 1,BANK1 CA MAIN 11,-90,2018-09-27T00:00:00.000Z,EUR,NaN,TILI 2,NaN,NaN,4nr24r0t-a0aa-00a0-a000-000a0a00a00a,2018-09-27T00:00:00.000Z
11,BANK 1,BANK1 CA 11,90,2018-09-27T00:00:00.000Z,EUR,NaN,TILI 1,NaN,NaN,0mq84w1c-a0aa-00a0-a000-000a0a00a00a,2018-09-27T00:00:00.000Z
11,BANK 1,BANK1 CA 11,-29.2,2018-09-28T00:00:00.000Z,EUR,NaN,MARKET,NaN,NaN,4vl28n2p-a0aa-00a0-a000-000a0a00a00a,2018-09-28T00:00:00.000Z
11,BANK 1,BANK1 CA MAIN 11,-41.3,2018-09-28T00:00:00.000Z,EUR,NaN,VIIHDE,NaN,NaN,6bf46i3s-a0aa-00a0-a000-000a0a00a00a,2018-09-28T00:00:00.000Z
11,BANK 1,BANK1 CA MAIN 11,-50,2018-09-30T00:00:00.000Z,EUR,NaN,HARRASTUKSET,NaN,NaN,8gv65d9x-a0aa-00a0-a000-000a0a00a00a,2018-09-30T00:00:00.000Z
11,BANK 1,BANK1 CA MAIN 11,-93,2018-10-01T00:00:00.000Z,EUR,NaN,HARRASTUKSET,NaN,NaN,0mv35c5d-a0aa-00a0-a000-000a0a00a00a,2018-10-01T00:00:00.000Z
11,BANK 1,BANK1 CA MAIN 11,-25,2018-10-01T00:00:00.000Z,EUR,NaN,PUHELIN,NaN,NaN,7za82t8s-a0aa-00a0-a000-000a0a00a00a,2018-10-01T00:00:00.000Z
11,BANK 1,BANK1 CA MAIN 11,-20,2018-10-01T00:00:00.000Z,EUR,NaN,VAKUUTUKSET,NaN,NaN,3cg86u4s-a0aa-00a0-a000-000a0a00a00a,2018-10-01T00:00:00.000Z
11,BANK 1,BANK1 CA MAIN 11,-5,2018-10-01T00:00:00.000Z,EUR,NaN,KUUKAUSIMAKSU TILI 1,NaN,NaN,7if56q6a-a0aa-00a0-a000-000a0a00a00a,2018-10-01T00:00:00.000Z
11,BANK 1,BANK1 CA 11,-5,2018-10-01T00:00:00.000Z,EUR,NaN,KUUKAUSIMAKSU TILI 2,NaN,NaN,5ph05l6p-a0aa-00a0-a000-000a0a00a00a,2018-10-01T00:00:00.000Z
11,BANK 1,BANK1 CA MAIN 11,-27.6,2018-10-02T00:00:00.000Z,EUR,NaN,RAVINTOLA,NaN,NaN,4be52e1e-a0aa-00a0-a000-000a0a00a00a,2018-10-02T00:00:00.000Z
11,BANK 1,BANK1 CA MAIN 11,-35.6,2018-10-05T00:00:00.000Z,EUR,NaN,VIIHDE,NaN,NaN,3iv65b0k-a0aa-00a0-a000-000a0a00a00a,2018-10-05T00:00:00.000Z
11,BANK 1,BANK1 CA 11,-25.4,2018-10-06T00:00:00.000Z,EUR,NaN,MARKET,NaN,NaN,6ns48s3s-a0aa-00a0-a000-000a0a00a00a,2018-10-06T00:00:00.000Z
11,BANK 1,BANK1 CA 11,-21.6,2018-10-07T00:00:00.000Z,EUR,NaN,MARKET,NaN,NaN,5mg17g6m-a0aa-00a0-a000-000a0a00a00a,2018-10-07T00:00:00.000Z
11,BANK 1,BANK1 CA MAIN 11,-623,2018-10-08T00:00:00.000Z,EUR,NaN,ASUMINEN,NaN,NaN,7lp14i1m-a0aa-00a0-a000-000a0a00a00a,2018-10-08T00:00:00.000Z
11,BANK 1,BANK1 CA MAIN 11,-90,2018-10-08T00:00:00.000Z,EUR,NaN,TILI 2,NaN,NaN,4ds71n4b-a0aa-00a0-a000-000a0a00a00a,2018-10-08T00:00:00.000Z
11,BANK 1,BANK1 CA 11,90,2018-10-08T00:00:00.000Z,EUR,NaN,TILI 1,NaN,NaN,9um21u9c-a0aa-00a0-a000-000a0a00a00a,2018-10-08T00:00:00.000Z
11,BANK 1,BANK1 CA MAIN 11,-13.3,2018-10-09T00:00:00.000Z,EUR,NaN,RAVINTOLA,NaN,NaN,3yb70f1l-a0aa-00a0-a000-000a0a00a00a,2018-10-09T00:00:00.000Z
11,BANK 1,BANK1 CA 11,-54.1,2018-10-10T00:00:00.000Z,EUR,NaN,MARKET,NaN,NaN,3jt05r0z-a0aa-00a0-a000-000a0a00a00a,2018-10-10T00:00:00.000Z
11,BANK 1,BANK1 CA MAIN 11,-17.4,2018-10-10T00:00:00.000Z,EUR,NaN,RAVINTOLA,NaN,NaN,0ph50l0i-a0aa-00a0-a000-000a0a00a00a,2018-10-10T00:00:00.000Z
11,BANK 1,BANK1 CA 11,-38.5,2018-10-12T00:00:00.000Z,EUR,NaN,MARKET,NaN,NaN,8wd46b4w-a0aa-00a0-a000-000a0a00a00a,2018-10-12T00:00:00.000Z
11,BANK 1,BANK1 CA MAIN 11,-22.1,2018-10-12T00:00:00.000Z,EUR,NaN,RAVINTOLA,NaN,NaN,6hk98o3j-a0aa-00a0-a000-000a0a00a00a,2018-10-12T00:00:00.000Z
11,BANK 1,BANK1 CA MAIN 11,-60.3,2018-10-12T00:00:00.000Z,EUR,NaN,VIIHDE,NaN,NaN,2ih63f3x-a0aa-00a0-a000-000a0a00a00a,2018-10-12T00:00:00.000Z
11,BANK 1,BANK1 CA 11,-31.7,2018-10-13T00:00:00.000Z,EUR,NaN,MARKET,NaN,NaN,4sx10k5s-a0aa-00a0-a000-000a0a00a00a,2018-10-13T00:00:00.000Z
11,BANK 1,BANK1 CA MAIN 11,-90,2018-10-13T00:00:00.000Z,EUR,NaN,TILI 2,NaN,NaN,7el09x3t-a0aa-00a0-a000-000a0a00a00a,2018-10-13T00:00:00.000Z
11,BANK 1,BANK1 CA 11,90,2018-10-13T00:00:00.000Z,EUR,NaN,TILI 1,NaN,NaN,2py95f7b-a0aa-00a0-a000-000a0a00a00a,2018-10-13T00:00:00.000Z
11,BANK 1,BANK1 CA 11,-23.7,2018-10-15T00:00:00.000Z,EUR,NaN,MARKET,NaN,NaN,8vq17e2n-a0aa-00a0-a000-000a0a00a00a,2018-10-15T00:00:00.000Z
11,BANK 1,BANK1 CA MAIN 11,-38.7,2018-10-15T00:00:00.000Z,EUR,NaN,RAVINTOLA,NaN,NaN,8wl98f2c-a0aa-00a0-a000-000a0a00a00a,2018-10-15T00:00:00.000Z
11,BANK 1,BANK1 CA MAIN 11,1818,2018-10-16T00:00:00.000Z,EUR,NaN,ANSIOTULOT,NaN,NaN,3uc31s2l-a0aa-00a0-a000-000a0a00a00a,2018-10-16T00:00:00.000Z
11,BANK 1,BANK1 CA MAIN 11,-27,2018-10-16T00:00:00.000Z,EUR,NaN,RAVINTOLA,NaN,NaN,4yb62f3n-a0aa-00a0-a000-000a0a00a00a,2018-10-16T00:00:00.000Z
11,BANK 1,BANK1 CA MAIN 11,-25.2,2018-10-17T00:00:00.000Z,EUR,NaN,RAVINTOLA,NaN,NaN,6xg67k9x-a0aa-00a0-a000-000a0a00a00a,2018-10-17T00:00:00.000Z
11,BANK 1,BANK1 CA 11,-27.1,2018-10-19T00:00:00.000Z,EUR,NaN,MARKET,NaN,NaN,7ih41u7o-a0aa-00a0-a000-000a0a00a00a,2018-10-19T00:00:00.000Z
11,BANK 1,BANK1 CA MAIN 11,-38.7,2018-10-19T00:00:00.000Z,EUR,NaN,RAVINTOLA,NaN,NaN,7fu80c4m-a0aa-00a0-a000-000a0a00a00a,2018-10-19T00:00:00.000Z
11,BANK 1,BANK1 CA MAIN 11,-26.6,2018-10-19T00:00:00.000Z,EUR,NaN,VIIHDE,NaN,NaN,4wn58w8n-a0aa-00a0-a000-000a0a00a00a,2018-10-19T00:00:00.000Z
11,BANK 1,BANK1 CA MAIN 11,-20,2018-10-20T00:00:00.000Z,EUR,NaN,LIIKENNE,NaN,NaN,8xt70u2i-a0aa-00a0-a000-000a0a00a00a,2018-10-20T00:00:00.000Z
11,BANK 1,BANK1 CA 11,-28.3,2018-10-20T00:00:00.000Z,EUR,NaN,MARKET,NaN,NaN,3gx41l3b-a0aa-00a0-a000-000a0a00a00a,2018-10-20T00:00:00.000Z
11,BANK 1,BANK1 CA MAIN 11,-90,2018-10-20T00:00:00.000Z,EUR,NaN,TILI 2,NaN,NaN,1dg85p8h-a0aa-00a0-a000-000a0a00a00a,2018-10-20T00:00:00.000Z
11,BANK 1,BANK1 CA 11,90,2018-10-20T00:00:00.000Z,EUR,NaN,TILI 1,NaN,NaN,4xn06g7h-a0aa-00a0-a000-000a0a00a00a,2018-10-20T00:00:00.000Z
11,BANK 1,BANK1 CA 11,-40.2,2018-10-21T00:00:00.000Z,EUR,NaN,MARKET,NaN,NaN,7or62q8u-a0aa-00a0-a000-000a0a00a00a,2018-10-21T00:00:00.000Z
11,BANK 1,BANK1 CA 11,-51.6,2018-10-22T00:00:00.000Z,EUR,NaN,MARKET,NaN,NaN,5td82q2g-a0aa-00a0-a000-000a0a00a00a,2018-10-22T00:00:00.000Z
11,BANK 1,BANK1 CA MAIN 11,-90,2018-10-23T00:00:00.000Z,EUR,NaN,TILI 2,NaN,NaN,0sh18k5h-a0aa-00a0-a000-000a0a00a00a,2018-10-23T00:00:00.000Z
11,BANK 1,BANK1 CA 11,90,2018-10-23T00:00:00.000Z,EUR,NaN,TILI 1,NaN,NaN,2rb13j1s-a0aa-00a0-a000-000a0a00a00a,2018-10-23T00:00:00.000Z
11,BANK 1,BANK1 CA 11,-45.3,2018-10-24T00:00:00.000Z,EUR,NaN,MARKET,NaN,NaN,9cy98z3p-a0aa-00a0-a000-000a0a00a00a,2018-10-24T00:00:00.000Z
11,BANK 1,BANK1 CA MAIN 11,-18.5,2018-10-26T00:00:00.000Z,EUR,NaN,RAVINTOLA,NaN,NaN,6ae80q6k-a0aa-00a0-a000-000a0a00a00a,2018-10-26T00:00:00.000Z
11,BANK 1,BANK1 CA MAIN 11,-44.7,2018-10-26T00:00:00.000Z,EUR,NaN,VIIHDE,NaN,NaN,0sx52o4f-a0aa-00a0-a000-000a0a00a00a,2018-10-26T00:00:00.000Z
11,BANK 1,BANK1 CA 11,-57.5,2018-10-27T00:00:00.000Z,EUR,NaN,MARKET,NaN,NaN,9sv16q0l-a0aa-00a0-a000-000a0a00a00a,2018-10-27T00:00:00.000Z
11,BANK 1,BANK1 CA 11,-22,2018-10-28T00:00:00.000Z,EUR,NaN,MARKET,NaN,NaN,4wr51m4f-a0aa-00a0-a000-000a0a00a00a,2018-10-28T00:00:00.000Z
11,BANK 1,BANK1 CA MAIN 11,-90,2018-10-28T00:00:00.000Z,EUR,NaN,TILI 2,NaN,NaN,6td48e9u-a0aa-00a0-a000-000a0a00a00a,2018-10-28T00:00:00.000Z
11,BANK 1,BANK1 CA 11,90,2018-10-28T00:00:00.000Z,EUR,NaN,TILI 1,NaN,NaN,7zj97s2q-a0aa-00a0-a000-000a0a00a00a,2018-10-28T00:00:00.000Z
11,BANK 1,BANK1 CA 11,-55.4,2018-10-29T00:00:00.000Z,EUR,NaN,MARKET,NaN,NaN,4an51h0w-a0aa-00a0-a000-000a0a00a00a,2018-10-29T00:00:00.000Z
11,BANK 1,BANK1 CA MAIN 11,-18.5,2018-10-29T00:00:00.000Z,EUR,NaN,RAVINTOLA,NaN,NaN,1si71g9m-a0aa-00a0-a000-000a0a00a00a,2018-10-29T00:00:00.000Z
11,BANK 1,BANK1 CA MAIN 11,-90,2018-10-30T00:00:00.000Z,EUR,NaN,TILI 2,NaN,NaN,3vu87h4k-a0aa-00a0-a000-000a0a00a00a,2018-10-30T00:00:00.000Z
11,BANK 1,BANK1 CA 11,90,2018-10-30T00:00:00.000Z,EUR,NaN,TILI 1,NaN,NaN,3nn82w8s-a0aa-00a0-a000-000a0a00a00a,2018-10-30T00:00:00.000Z
11,BANK 1,BANK1 CA MAIN 11,-50,2018-10-31T00:00:00.000Z,EUR,NaN,HARRASTUKSET,NaN,NaN,3mg83z2q-a0aa-00a0-a000-000a0a00a00a,2018-10-31T00:00:00.000Z
11,BANK 1,BANK1 CA MAIN 11,-31.2,2018-10-31T00:00:00.000Z,EUR,NaN,RAVINTOLA,NaN,NaN,3ug11h3e-a0aa-00a0-a000-000a0a00a00a,2018-10-31T00:00:00.000Z
11,BANK 1,BANK1 CA MAIN 11,-88,2018-11-01T00:00:00.000Z,EUR,NaN,HARRASTUKSET,NaN,NaN,4yb14x3m-a0aa-00a0-a000-000a0a00a00a,2018-11-01T00:00:00.000Z
11,BANK 1,BANK1 CA MAIN 11,-25,2018-11-01T00:00:00.000Z,EUR,NaN,PUHELIN,NaN,NaN,3ub44a1j-a0aa-00a0-a000-000a0a00a00a,2018-11-01T00:00:00.000Z
11,BANK 1,BANK1 CA MAIN 11,-20,2018-11-01T00:00:00.000Z,EUR,NaN,VAKUUTUKSET,NaN,NaN,3wl06f1j-a0aa-00a0-a000-000a0a00a00a,2018-11-01T00:00:00.000Z
11,BANK 1,BANK1 CA MAIN 11,-5,2018-11-01T00:00:00.000Z,EUR,NaN,KUUKAUSIMAKSU TILI 1,NaN,NaN,7km51k0k-a0aa-00a0-a000-000a0a00a00a,2018-11-01T00:00:00.000Z
11,BANK 1,BANK1 CA 11,-5,2018-11-01T00:00:00.000Z,EUR,NaN,KUUKAUSIMAKSU TILI 2,NaN,NaN,0kh73t6b-a0aa-00a0-a000-000a0a00a00a,2018-11-01T00:00:00.000Z
11,BANK 1,BANK1 CA 11,-55,2018-11-02T00:00:00.000Z,EUR,NaN,MARKET,NaN,NaN,5xq61p7u-a0aa-00a0-a000-000a0a00a00a,2018-11-02T00:00:00.000Z
11,BANK 1,BANK1 CA MAIN 11,-31.8,2018-11-02T00:00:00.000Z,EUR,NaN,VIIHDE,NaN,NaN,5ch94x0a-a0aa-00a0-a000-000a0a00a00a,2018-11-02T00:00:00.000Z
11,BANK 1,BANK1 CA 11,-60.9,2018-11-03T00:00:00.000Z,EUR,NaN,MARKET,NaN,NaN,8er75n3v-a0aa-00a0-a000-000a0a00a00a,2018-11-03T00:00:00.000Z
11,BANK 1,BANK1 CA MAIN 11,-90,2018-11-03T00:00:00.000Z,EUR,NaN,TILI 2,NaN,NaN,9wr73q6l-a0aa-00a0-a000-000a0a00a00a,2018-11-03T00:00:00.000Z
11,BANK 1,BANK1 CA 11,90,2018-11-03T00:00:00.000Z,EUR,NaN,TILI 1,NaN,NaN,1fo66l2w-a0aa-00a0-a000-000a0a00a00a,2018-11-03T00:00:00.000Z
11,BANK 1,BANK1 CA 11,-22.8,2018-11-05T00:00:00.000Z,EUR,NaN,MARKET,NaN,NaN,2pr71r5n-a0aa-00a0-a000-000a0a00a00a,2018-11-05T00:00:00.000Z
11,BANK 1,BANK1 CA MAIN 11,-13.3,2018-11-06T00:00:00.000Z,EUR,NaN,RAVINTOLA,NaN,NaN,4si00f3c-a0aa-00a0-a000-000a0a00a00a,2018-11-06T00:00:00.000Z
11,BANK 1,BANK1 CA 11,-56.3,2018-11-07T00:00:00.000Z,EUR,NaN,MARKET,NaN,NaN,6kk84n3v-a0aa-00a0-a000-000a0a00a00a,2018-11-07T00:00:00.000Z
11,BANK 1,BANK1 CA MAIN 11,-36.4,2018-11-07T00:00:00.000Z,EUR,NaN,RAVINTOLA,NaN,NaN,1bl21c2d-a0aa-00a0-a000-000a0a00a00a,2018-11-07T00:00:00.000Z
11,BANK 1,BANK1 CA MAIN 11,-623,2018-11-08T00:00:00.000Z,EUR,NaN,ASUMINEN,NaN,NaN,0yt51a6f-a0aa-00a0-a000-000a0a00a00a,2018-11-08T00:00:00.000Z
11,BANK 1,BANK1 CA MAIN 11,-90,2018-11-08T00:00:00.000Z,EUR,NaN,TILI 2,NaN,NaN,6iq86y7e-a0aa-00a0-a000-000a0a00a00a,2018-11-08T00:00:00.000Z
11,BANK 1,BANK1 CA 11,90,2018-11-08T00:00:00.000Z,EUR,NaN,TILI 1,NaN,NaN,1wl05j8s-a0aa-00a0-a000-000a0a00a00a,2018-11-08T00:00:00.000Z
11,BANK 1,BANK1 CA 11,-30.5,2018-11-09T00:00:00.000Z,EUR,NaN,MARKET,NaN,NaN,7za07x6u-a0aa-00a0-a000-000a0a00a00a,2018-11-09T00:00:00.000Z
11,BANK 1,BANK1 CA MAIN 11,-29.4,2018-11-09T00:00:00.000Z,EUR,NaN,RAVINTOLA,NaN,NaN,3pz01y3d-a0aa-00a0-a000-000a0a00a00a,2018-11-09T00:00:00.000Z
11,BANK 1,BANK1 CA MAIN 11,-67,2018-11-09T00:00:00.000Z,EUR,NaN,VIIHDE,NaN,NaN,8iy23x2p-a0aa-00a0-a000-000a0a00a00a,2018-11-09T00:00:00.000Z
11,BANK 1,BANK1 CA 11,-45.3,2018-11-11T00:00:00.000Z,EUR,NaN,MARKET,NaN,NaN,1cv57f0d-a0aa-00a0-a000-000a0a00a00a,2018-11-11T00:00:00.000Z
11,BANK 1,BANK1 CA 11,-37.2,2018-11-12T00:00:00.000Z,EUR,NaN,MARKET,NaN,NaN,8cr57p9y-a0aa-00a0-a000-000a0a00a00a,2018-11-12T00:00:00.000Z
11,BANK 1,BANK1 CA MAIN 11,-90,2018-11-12T00:00:00.000Z,EUR,NaN,TILI 2,NaN,NaN,1jb07w3g-a0aa-00a0-a000-000a0a00a00a,2018-11-12T00:00:00.000Z
11,BANK 1,BANK1 CA 11,90,2018-11-12T00:00:00.000Z,EUR,NaN,TILI 1,NaN,NaN,3dg69i3n-a0aa-00a0-a000-000a0a00a00a,2018-11-12T00:00:00.000Z
11,BANK 1,BANK1 CA MAIN 11,-30.9,2018-11-13T00:00:00.000Z,EUR,NaN,RAVINTOLA,NaN,NaN,1jd02f5s-a0aa-00a0-a000-000a0a00a00a,2018-11-13T00:00:00.000Z
11,BANK 1,BANK1 CA MAIN 11,-15.1,2018-11-14T00:00:00.000Z,EUR,NaN,RAVINTOLA,NaN,NaN,8wt39s0p-a0aa-00a0-a000-000a0a00a00a,2018-11-14T00:00:00.000Z
11,BANK 1,BANK1 CA MAIN 11,1818,2018-11-16T00:00:00.000Z,EUR,NaN,ANSIOTULOT,NaN,NaN,3ft11k5x-a0aa-00a0-a000-000a0a00a00a,2018-11-16T00:00:00.000Z
11,BANK 1,BANK1 CA MAIN 11,-26.8,2018-11-16T00:00:00.000Z,EUR,NaN,RAVINTOLA,NaN,NaN,2yu08m3c-a0aa-00a0-a000-000a0a00a00a,2018-11-16T00:00:00.000Z
11,BANK 1,BANK1 CA MAIN 11,-61.8,2018-11-16T00:00:00.000Z,EUR,NaN,VIIHDE,NaN,NaN,2gm76f7j-a0aa-00a0-a000-000a0a00a00a,2018-11-16T00:00:00.000Z
11,BANK 1,BANK1 CA MAIN 11,-20,2018-11-20T00:00:00.000Z,EUR,NaN,LIIKENNE,NaN,NaN,6uo43c0o-a0aa-00a0-a000-000a0a00a00a,2018-11-20T00:00:00.000Z
11,BANK 1,BANK1 CA 11,-44.8,2018-11-21T00:00:00.000Z,EUR,NaN,MARKET,NaN,NaN,7eq74v2o-a0aa-00a0-a000-000a0a00a00a,2018-11-21T00:00:00.000Z
11,BANK 1,BANK1 CA MAIN 11,-90,2018-11-22T00:00:00.000Z,EUR,NaN,TILI 2,NaN,NaN,0le62x9l-a0aa-00a0-a000-000a0a00a00a,2018-11-22T00:00:00.000Z
11,BANK 1,BANK1 CA 11,90,2018-11-22T00:00:00.000Z,EUR,NaN,TILI 1,NaN,NaN,9hg76e1j-a0aa-00a0-a000-000a0a00a00a,2018-11-22T00:00:00.000Z
11,BANK 1,BANK1 CA 11,-63.5,2018-11-23T00:00:00.000Z,EUR,NaN,MARKET,NaN,NaN,9ba05t4f-a0aa-00a0-a000-000a0a00a00a,2018-11-23T00:00:00.000Z
11,BANK 1,BANK1 CA MAIN 11,-41.3,2018-11-23T00:00:00.000Z,EUR,NaN,VIIHDE,NaN,NaN,9ew27q5o-a0aa-00a0-a000-000a0a00a00a,2018-11-23T00:00:00.000Z
11,BANK 1,BANK1 CA MAIN 11,-90,2018-11-24T00:00:00.000Z,EUR,NaN,TILI 2,NaN,NaN,6ph59r8b-a0aa-00a0-a000-000a0a00a00a,2018-11-24T00:00:00.000Z
11,BANK 1,BANK1 CA 11,90,2018-11-24T00:00:00.000Z,EUR,NaN,TILI 1,NaN,NaN,4qw31o2t-a0aa-00a0-a000-000a0a00a00a,2018-11-24T00:00:00.000Z
11,BANK 1,BANK1 CA 11,-62.2,2018-11-26T00:00:00.000Z,EUR,NaN,MARKET,NaN,NaN,9mj53c3p-a0aa-00a0-a000-000a0a00a00a,2018-11-26T00:00:00.000Z
11,BANK 1,BANK1 CA MAIN 11,-20.5,2018-11-26T00:00:00.000Z,EUR,NaN,RAVINTOLA,NaN,NaN,9xm46f5l-a0aa-00a0-a000-000a0a00a00a,2018-11-26T00:00:00.000Z
11,BANK 1,BANK1 CA MAIN 11,-29.4,2018-11-27T00:00:00.000Z,EUR,NaN,RAVINTOLA,NaN,NaN,2vx69u5e-a0aa-00a0-a000-000a0a00a00a,2018-11-27T00:00:00.000Z
11,BANK 1,BANK1 CA MAIN 11,-29.1,2018-11-28T00:00:00.000Z,EUR,NaN,RAVINTOLA,NaN,NaN,4ye94x1v-a0aa-00a0-a000-000a0a00a00a,2018-11-28T00:00:00.000Z
11,BANK 1,BANK1 CA MAIN 11,-50,2018-11-30T00:00:00.000Z,EUR,NaN,HARRASTUKSET,NaN,NaN,6ob15f5q-a0aa-00a0-a000-000a0a00a00a,2018-11-30T00:00:00.000Z
11,BANK 1,BANK1 CA 11,-36.4,2018-11-30T00:00:00.000Z,EUR,NaN,MARKET,NaN,NaN,1lg78g6x-a0aa-00a0-a000-000a0a00a00a,2018-11-30T00:00:00.000Z
11,BANK 1,BANK1 CA MAIN 11,-31.7,2018-11-30T00:00:00.000Z,EUR,NaN,RAVINTOLA,NaN,NaN,1by77i4r-a0aa-00a0-a000-000a0a00a00a,2018-11-30T00:00:00.000Z
11,BANK 1,BANK1 CA MAIN 11,-33.3,2018-11-30T00:00:00.000Z,EUR,NaN,VIIHDE,NaN,NaN,0ep92c5h-a0aa-00a0-a000-000a0a00a00a,2018-11-30T00:00:00.000Z
11,BANK 1,BANK1 CA MAIN 11,-59,2018-12-01T00:00:00.000Z,EUR,NaN,HARRASTUKSET,NaN,NaN,5ln49h8o-a0aa-00a0-a000-000a0a00a00a,2018-12-01T00:00:00.000Z
11,BANK 1,BANK1 CA 11,-30.9,2018-12-01T00:00:00.000Z,EUR,NaN,MARKET,NaN,NaN,7zr57h8u-a0aa-00a0-a000-000a0a00a00a,2018-12-01T00:00:00.000Z
11,BANK 1,BANK1 CA MAIN 11,-25,2018-12-01T00:00:00.000Z,EUR,NaN,PUHELIN,NaN,NaN,4qu37l7n-a0aa-00a0-a000-000a0a00a00a,2018-12-01T00:00:00.000Z
11,BANK 1,BANK1 CA MAIN 11,-20,2018-12-01T00:00:00.000Z,EUR,NaN,VAKUUTUKSET,NaN,NaN,7jw62k7m-a0aa-00a0-a000-000a0a00a00a,2018-12-01T00:00:00.000Z
11,BANK 1,BANK1 CA MAIN 11,-90,2018-12-01T00:00:00.000Z,EUR,NaN,TILI 2,NaN,NaN,6hw63u8y-a0aa-00a0-a000-000a0a00a00a,2018-12-01T00:00:00.000Z
11,BANK 1,BANK1 CA MAIN 11,-5,2018-12-01T00:00:00.000Z,EUR,NaN,KUUKAUSIMAKSU TILI 1,NaN,NaN,1om41u5b-a0aa-00a0-a000-000a0a00a00a,2018-12-01T00:00:00.000Z
11,BANK 1,BANK1 CA 11,-5,2018-12-01T00:00:00.000Z,EUR,NaN,KUUKAUSIMAKSU TILI 2,NaN,NaN,4rc71m3f-a0aa-00a0-a000-000a0a00a00a,2018-12-01T00:00:00.000Z
11,BANK 1,BANK1 CA 11,90,2018-12-01T00:00:00.000Z,EUR,NaN,TILI 1,NaN,NaN,0jr17r4h-a0aa-00a0-a000-000a0a00a00a,2018-12-01T00:00:00.000Z
11,BANK 1,BANK1 CA 11,-40.6,2018-12-03T00:00:00.000Z,EUR,NaN,MARKET,NaN,NaN,3zi81q4l-a0aa-00a0-a000-000a0a00a00a,2018-12-03T00:00:00.000Z
11,BANK 1,BANK1 CA MAIN 11,-90,2018-12-04T00:00:00.000Z,EUR,NaN,TILI 2,NaN,NaN,7nd55u7a-a0aa-00a0-a000-000a0a00a00a,2018-12-04T00:00:00.000Z
11,BANK 1,BANK1 CA 11,90,2018-12-04T00:00:00.000Z,EUR,NaN,TILI 1,NaN,NaN,7yi16h9j-a0aa-00a0-a000-000a0a00a00a,2018-12-04T00:00:00.000Z
11,BANK 1,BANK1 CA 11,-31.3,2018-12-07T00:00:00.000Z,EUR,NaN,MARKET,NaN,NaN,8pw96t2i-a0aa-00a0-a000-000a0a00a00a,2018-12-07T00:00:00.000Z
11,BANK 1,BANK1 CA MAIN 11,-65.6,2018-12-07T00:00:00.000Z,EUR,NaN,VIIHDE,NaN,NaN,7il75a4c-a0aa-00a0-a000-000a0a00a00a,2018-12-07T00:00:00.000Z
11,BANK 1,BANK1 CA MAIN 11,-623,2018-12-08T00:00:00.000Z,EUR,NaN,ASUMINEN,NaN,NaN,5lp07f6z-a0aa-00a0-a000-000a0a00a00a,2018-12-08T00:00:00.000Z
11,BANK 1,BANK1 CA 11,-23.7,2018-12-09T00:00:00.000Z,EUR,NaN,MARKET,NaN,NaN,3ny73e0a-a0aa-00a0-a000-000a0a00a00a,2018-12-09T00:00:00.000Z
11,BANK 1,BANK1 CA MAIN 11,-18.2,2018-12-10T00:00:00.000Z,EUR,NaN,RAVINTOLA,NaN,NaN,0ag23q9h-a0aa-00a0-a000-000a0a00a00a,2018-12-10T00:00:00.000Z
11,BANK 1,BANK1 CA MAIN 11,-24.2,2018-12-12T00:00:00.000Z,EUR,NaN,RAVINTOLA,NaN,NaN,2eh38a9v-a0aa-00a0-a000-000a0a00a00a,2018-12-12T00:00:00.000Z
11,BANK 1,BANK1 CA 11,-30.5,2018-12-14T00:00:00.000Z,EUR,NaN,MARKET,NaN,NaN,3dw36u4s-a0aa-00a0-a000-000a0a00a00a,2018-12-14T00:00:00.000Z
11,BANK 1,BANK1 CA MAIN 11,-48.5,2018-12-14T00:00:00.000Z,EUR,NaN,VIIHDE,NaN,NaN,7bx42j3g-a0aa-00a0-a000-000a0a00a00a,2018-12-14T00:00:00.000Z
11,BANK 1,BANK1 CA 11,-31.7,2018-12-15T00:00:00.000Z,EUR,NaN,MARKET,NaN,NaN,8ff51k6a-a0aa-00a0-a000-000a0a00a00a,2018-12-15T00:00:00.000Z
11,BANK 1,BANK1 CA MAIN 11,1818,2018-12-16T00:00:00.000Z,EUR,NaN,ANSIOTULOT,NaN,NaN,6kr26i0i-a0aa-00a0-a000-000a0a00a00a,2018-12-16T00:00:00.000Z
11,BANK 1,BANK1 CA MAIN 11,-90,2018-12-16T00:00:00.000Z,EUR,NaN,TILI 2,NaN,NaN,0gp18b6x-a0aa-00a0-a000-000a0a00a00a,2018-12-16T00:00:00.000Z
11,BANK 1,BANK1 CA 11,90,2018-12-16T00:00:00.000Z,EUR,NaN,TILI 1,NaN,NaN,6ru08h8x-a0aa-00a0-a000-000a0a00a00a,2018-12-16T00:00:00.000Z
11,BANK 1,BANK1 CA 11,-41,2018-12-17T00:00:00.000Z,EUR,NaN,MARKET,NaN,NaN,7jo36r9v-a0aa-00a0-a000-000a0a00a00a,2018-12-17T00:00:00.000Z
11,BANK 1,BANK1 CA MAIN 11,-17.7,2018-12-18T00:00:00.000Z,EUR,NaN,RAVINTOLA,NaN,NaN,3ta63a0c-a0aa-00a0-a000-000a0a00a00a,2018-12-18T00:00:00.000Z
11,BANK 1,BANK1 CA MAIN 11,-21.1,2018-12-19T00:00:00.000Z,EUR,NaN,RAVINTOLA,NaN,NaN,6uf42d9a-a0aa-00a0-a000-000a0a00a00a,2018-12-19T00:00:00.000Z
11,BANK 1,BANK1 CA MAIN 11,-20,2018-12-20T00:00:00.000Z,EUR,NaN,LIIKENNE,NaN,NaN,4yj65l3k-a0aa-00a0-a000-000a0a00a00a,2018-12-20T00:00:00.000Z
11,BANK 1,BANK1 CA MAIN 11,-38,2018-12-21T00:00:00.000Z,EUR,NaN,VIIHDE,NaN,NaN,7fu69q6e-a0aa-00a0-a000-000a0a00a00a,2018-12-21T00:00:00.000Z
11,BANK 1,BANK1 CA 11,-33.4,2018-12-24T00:00:00.000Z,EUR,NaN,MARKET,NaN,NaN,9ug60r8k-a0aa-00a0-a000-000a0a00a00a,2018-12-24T00:00:00.000Z
11,BANK 1,BANK1 CA MAIN 11,-28.6,2018-12-24T00:00:00.000Z,EUR,NaN,RAVINTOLA,NaN,NaN,7oy03w8i-a0aa-00a0-a000-000a0a00a00a,2018-12-24T00:00:00.000Z
11,BANK 1,BANK1 CA MAIN 11,-90,2018-12-25T00:00:00.000Z,EUR,NaN,TILI 2,NaN,NaN,4ru51e0c-a0aa-00a0-a000-000a0a00a00a,2018-12-25T00:00:00.000Z
11,BANK 1,BANK1 CA 11,90,2018-12-25T00:00:00.000Z,EUR,NaN,TILI 1,NaN,NaN,1jv20m6h-a0aa-00a0-a000-000a0a00a00a,2018-12-25T00:00:00.000Z
11,BANK 1,BANK1 CA MAIN 11,-29.6,2018-12-26T00:00:00.000Z,EUR,NaN,RAVINTOLA,NaN,NaN,0lq97g6i-a0aa-00a0-a000-000a0a00a00a,2018-12-26T00:00:00.000Z
11,BANK 1,BANK1 CA MAIN 11,-16.9,2018-12-28T00:00:00.000Z,EUR,NaN,RAVINTOLA,NaN,NaN,4fo64k1d-a0aa-00a0-a000-000a0a00a00a,2018-12-28T00:00:00.000Z
11,BANK 1,BANK1 CA MAIN 11,-25.2,2018-12-28T00:00:00.000Z,EUR,NaN,VIIHDE,NaN,NaN,4cg38i2f-a0aa-00a0-a000-000a0a00a00a,2018-12-28T00:00:00.000Z
11,BANK 1,BANK1 CA 11,-45.3,2018-12-29T00:00:00.000Z,EUR,NaN,MARKET,NaN,NaN,0ij93z9z-a0aa-00a0-a000-000a0a00a00a,2018-12-29T00:00:00.000Z
11,BANK 1,BANK1 CA 11,-60.1,2018-12-30T00:00:00.000Z,EUR,NaN,MARKET,NaN,NaN,5hr80s9m-a0aa-00a0-a000-000a0a00a00a,2018-12-30T00:00:00.000Z
11,BANK 1,BANK1 CA MAIN 11,-50,2018-12-31T00:00:00.000Z,EUR,NaN,HARRASTUKSET,NaN,NaN,5es78j7u-a0aa-00a0-a000-000a0a00a00a,2018-12-31T00:00:00.000Z
11,BANK 1,BANK1 CA 11,-36,2018-12-31T00:00:00.000Z,EUR,NaN,MARKET,NaN,NaN,6hr07k4y-a0aa-00a0-a000-000a0a00a00a,2018-12-31T00:00:00.000Z
11,BANK 1,BANK1 CA MAIN 11,-90,2018-12-31T00:00:00.000Z,EUR,NaN,TILI 2,NaN,NaN,2tp93k0a-a0aa-00a0-a000-000a0a00a00a,2018-12-31T00:00:00.000Z
11,BANK 1,BANK1 CA 11,90,2018-12-31T00:00:00.000Z,EUR,NaN,TILI 1,NaN,NaN,8cq31g5v-a0aa-00a0-a000-000a0a00a00a,2018-12-31T00:00:00.000Z
